,Name,Emotion,ZCR
0,03-01-01-01-01-02-08.wav,NEUTRAL,0.16107994128184713
1,03-01-08-02-01-02-08.wav,SURPRISED,0.1426849365234375
2,03-01-05-01-02-01-08.wav,ANGRY,0.14685776654411764
3,03-01-03-02-02-02-08.wav,HAPPY,0.1741555606617647
4,03-01-02-01-02-01-08.wav,CALM,0.17173828125
5,03-01-05-02-01-01-08.wav,ANGRY,0.15137570403343023
6,03-01-02-02-02-02-08.wav,CALM,0.17740686928353658
7,03-01-02-01-01-01-08.wav,CALM,0.16586851462339744
8,03-01-08-01-02-02-08.wav,SURPRISED,0.1585669424019608
9,03-01-01-01-02-01-08.wav,NEUTRAL,0.18173317504084968
10,03-01-05-01-01-02-08.wav,ANGRY,0.13535093649839744
11,03-01-04-02-02-01-08.wav,SAD,0.16201724646226415
12,03-01-08-01-01-01-08.wav,SURPRISED,0.159002685546875
13,03-01-07-01-01-02-08.wav,DISGUST,0.1530715654481132
14,03-01-03-01-01-01-08.wav,HAPPY,0.18760994412251655
15,03-01-04-01-01-02-08.wav,SAD,0.1933008982035928
16,03-01-07-01-02-01-08.wav,DISGUST,0.19722541360294119
17,03-01-07-01-02-02-08.wav,DISGUST,0.1972391519201807
18,03-01-06-01-02-02-08.wav,FEARFUL,0.17932512775157233
19,03-01-02-02-02-01-08.wav,CALM,0.15156987028301888
20,03-01-04-02-01-02-08.wav,SAD,0.13932387408088234
21,03-01-06-01-02-01-08.wav,FEARFUL,0.161872723351227
22,03-01-04-01-02-02-08.wav,SAD,0.14656575520833334
23,03-01-02-02-01-02-08.wav,CALM,0.1622852775621118
24,03-01-07-02-01-02-08.wav,DISGUST,0.14033442772239263
25,03-01-02-02-01-01-08.wav,CALM,0.17404894008757962
26,03-01-04-02-01-01-08.wav,SAD,0.14603503642638035
27,03-01-07-02-02-02-08.wav,DISGUST,0.17882496725299402
28,03-01-03-01-02-01-08.wav,HAPPY,0.17835611979166666
29,03-01-08-01-02-01-08.wav,SURPRISED,0.18720343654141106
30,03-01-06-02-01-02-08.wav,FEARFUL,0.14418743065828402
31,03-01-04-01-02-01-08.wav,SAD,0.22353769277597402
32,03-01-08-02-01-01-08.wav,SURPRISED,0.15291145048945784
33,03-01-03-01-02-02-08.wav,HAPPY,0.19094418519295303
34,03-01-06-02-01-01-08.wav,FEARFUL,0.15904058412063954
35,03-01-02-01-01-02-08.wav,CALM,0.19844148596938777
36,03-01-07-01-01-01-08.wav,DISGUST,0.16910422059911243
37,03-01-08-02-02-01-08.wav,SURPRISED,0.18586544874237804
38,03-01-01-01-02-02-08.wav,NEUTRAL,0.1698604356374172
39,03-01-06-01-01-01-08.wav,FEARFUL,0.16532578579215115
40,03-01-06-02-02-01-08.wav,FEARFUL,0.18682751684131738
41,03-01-01-01-01-01-08.wav,NEUTRAL,0.1731393574089404
42,03-01-07-02-01-01-08.wav,DISGUST,0.1827115145596591
43,03-01-05-02-01-02-08.wav,ANGRY,0.1452442005368098
44,03-01-05-02-02-01-08.wav,ANGRY,0.17243214142628205
45,03-01-03-01-01-02-08.wav,HAPPY,0.15771156669463088
46,03-01-05-01-02-02-08.wav,ANGRY,0.15313324370941558
47,03-01-04-01-01-01-08.wav,SAD,0.1583962912087912
48,03-01-03-02-01-01-08.wav,HAPPY,0.1412301092791411
49,03-01-03-02-01-02-08.wav,HAPPY,0.14495596801035504
50,03-01-02-01-02-02-08.wav,CALM,0.16423177083333335
51,03-01-03-02-02-01-08.wav,HAPPY,0.16689511954066266
52,03-01-08-02-02-02-08.wav,SURPRISED,0.19340615643712575
53,03-01-04-02-02-02-08.wav,SAD,0.120721435546875
54,03-01-08-01-01-02-08.wav,SURPRISED,0.19359756097560976
55,03-01-07-02-02-01-08.wav,DISGUST,0.19655898194875776
56,03-01-06-02-02-02-08.wav,FEARFUL,0.14048713235294116
57,03-01-05-02-02-02-08.wav,ANGRY,0.16519456608280256
58,03-01-05-01-01-01-08.wav,ANGRY,0.167364501953125
59,03-01-06-01-01-02-08.wav,FEARFUL,0.11038227201257862
60,03-01-04-01-02-02-09.wav,SAD,0.3439625850340136
61,03-01-05-01-02-01-09.wav,ANGRY,0.22762094817546583
62,03-01-07-01-02-01-09.wav,DISGUST,0.3833235677083333
63,03-01-03-02-02-01-09.wav,HAPPY,0.23080483969155843
64,03-01-02-01-01-02-09.wav,CALM,0.2900729709201389
65,03-01-04-02-01-01-09.wav,SAD,0.24574046415441175
66,03-01-06-02-01-01-09.wav,FEARFUL,0.10846819196428571
67,03-01-06-02-01-02-09.wav,FEARFUL,0.3232179465868794
68,03-01-06-01-01-01-09.wav,FEARFUL,0.288096629790146
69,03-01-03-01-01-01-09.wav,HAPPY,0.24611409505208334
70,03-01-05-02-02-02-09.wav,ANGRY,0.13764421329941862
71,03-01-03-02-01-02-09.wav,HAPPY,0.12709418402777778
72,03-01-04-02-02-01-09.wav,SAD,0.28227943371815284
73,03-01-05-02-01-01-09.wav,ANGRY,0.11842904439786585
74,03-01-08-02-01-02-09.wav,SURPRISED,0.20295531360815602
75,03-01-05-01-01-01-09.wav,ANGRY,0.31458312195616883
76,03-01-02-01-01-01-09.wav,CALM,0.3367886013454861
77,03-01-04-01-01-01-09.wav,SAD,0.36021650598404253
78,03-01-07-02-01-01-09.wav,DISGUST,0.3493450189092357
79,03-01-03-01-02-01-09.wav,HAPPY,0.22546301354895104
80,03-01-03-01-02-02-09.wav,HAPPY,0.31800455729166666
81,03-01-07-01-01-02-09.wav,DISGUST,0.33722449296357615
82,03-01-08-01-02-02-09.wav,SURPRISED,0.2786938968120805
83,03-01-06-01-02-01-09.wav,FEARFUL,0.21525304457720587
84,03-01-05-02-02-01-09.wav,ANGRY,0.14468109292328044
85,03-01-05-01-01-02-09.wav,ANGRY,0.13508586140422077
86,03-01-03-02-01-01-09.wav,HAPPY,0.13275558378067484
87,03-01-07-02-02-01-09.wav,DISGUST,0.30009004667207795
88,03-01-08-01-01-01-09.wav,SURPRISED,0.22272600446428573
89,03-01-03-02-02-02-09.wav,HAPPY,0.17350154728084416
90,03-01-02-02-01-01-09.wav,CALM,0.2432183159722222
91,03-01-07-01-01-01-09.wav,DISGUST,0.29832655718537415
92,03-01-08-02-01-01-09.wav,SURPRISED,0.3615739729020979
93,03-01-07-02-02-02-09.wav,DISGUST,0.26115221854967946
94,03-01-04-02-01-02-09.wav,SAD,0.2725880639792899
95,03-01-04-01-02-01-09.wav,SAD,0.3103342899659864
96,03-01-02-02-02-02-09.wav,CALM,0.14942339271496816
97,03-01-07-01-02-02-09.wav,DISGUST,0.25415205144557823
98,03-01-04-01-01-02-09.wav,SAD,0.36736773804530204
99,03-01-04-02-02-02-09.wav,SAD,0.2724112322230539
100,03-01-06-01-02-02-09.wav,FEARFUL,0.3249906652113971
101,03-01-05-01-02-02-09.wav,ANGRY,0.2588018280228758
102,03-01-08-01-02-01-09.wav,SURPRISED,0.24382275062919462
103,03-01-03-01-01-02-09.wav,HAPPY,0.26055708741830064
104,03-01-01-01-02-01-09.wav,NEUTRAL,0.2847357855902778
105,03-01-02-01-02-02-09.wav,CALM,0.22547496448863635
106,03-01-01-01-02-02-09.wav,NEUTRAL,0.26334751674107143
107,03-01-02-01-02-01-09.wav,CALM,0.2936555989583333
108,03-01-08-02-02-02-09.wav,SURPRISED,0.29692087877516776
109,03-01-05-02-01-02-09.wav,ANGRY,0.16616240893404907
110,03-01-01-01-01-01-09.wav,NEUTRAL,0.14625581781914893
111,03-01-06-01-01-02-09.wav,FEARFUL,0.33764113822992703
112,03-01-08-01-01-02-09.wav,SURPRISED,0.2259284125434028
113,03-01-02-02-02-01-09.wav,CALM,0.24535239615091464
114,03-01-06-02-02-02-09.wav,FEARFUL,0.130126953125
115,03-01-02-02-01-02-09.wav,CALM,0.25327050125838924
116,03-01-06-02-02-01-09.wav,FEARFUL,0.24310128348214285
117,03-01-07-02-01-02-09.wav,DISGUST,0.2668919781454248
118,03-01-01-01-01-02-09.wav,NEUTRAL,0.33951469089673914
119,03-01-08-02-02-01-09.wav,SURPRISED,0.2241044855442177
120,03-01-07-02-01-02-02.wav,DISGUST,0.26971947014664804
121,03-01-05-02-02-01-02.wav,ANGRY,0.2966858968569364
122,03-01-04-01-02-01-02.wav,SAD,0.25633249223602483
123,03-01-06-02-02-02-02.wav,FEARFUL,0.3053635817307692
124,03-01-06-02-02-01-02.wav,FEARFUL,0.2746394230769231
125,03-01-06-01-01-01-02.wav,FEARFUL,0.23716162420382167
126,03-01-02-01-01-01-02.wav,CALM,0.3289691971009036
127,03-01-05-01-02-01-02.wav,ANGRY,0.2757261311349693
128,03-01-06-01-02-02-02.wav,FEARFUL,0.3251437548524845
129,03-01-01-01-02-01-02.wav,NEUTRAL,0.3289727521088957
130,03-01-02-02-01-02-02.wav,CALM,0.24831065912356323
131,03-01-04-01-02-02-02.wav,SAD,0.2731798792177914
132,03-01-08-01-01-01-02.wav,SURPRISED,0.2356866574754902
133,03-01-05-01-01-01-02.wav,ANGRY,0.24821270636792453
134,03-01-02-02-01-01-02.wav,CALM,0.3472798097067039
135,03-01-08-02-01-01-02.wav,SURPRISED,0.2849530522127329
136,03-01-05-02-02-02-02.wav,ANGRY,0.28520705382947975
137,03-01-03-02-01-01-02.wav,HAPPY,0.259429931640625
138,03-01-05-02-01-01-02.wav,ANGRY,0.22390440088757396
139,03-01-08-01-01-02-02.wav,SURPRISED,0.3251378676470588
140,03-01-07-02-02-02-02.wav,DISGUST,0.2821143139367816
141,03-01-07-02-01-01-02.wav,DISGUST,0.22682982716480446
142,03-01-04-02-01-01-02.wav,SAD,0.2695494468167702
143,03-01-05-01-01-02-02.wav,ANGRY,0.3077707350628931
144,03-01-07-02-02-01-02.wav,DISGUST,0.23541083363439305
145,03-01-03-01-01-02-02.wav,HAPPY,0.3486907958984375
146,03-01-03-02-01-02-02.wav,HAPPY,0.2875270243710692
147,03-01-08-02-02-01-02.wav,SURPRISED,0.32740925854037267
148,03-01-04-02-02-02-02.wav,SAD,0.2593264789701258
149,03-01-06-02-01-02-02.wav,FEARFUL,0.28496342555732485
150,03-01-04-02-02-01-02.wav,SAD,0.2680419921875
151,03-01-06-01-01-02-02.wav,FEARFUL,0.2363584530279503
152,03-01-03-01-02-01-02.wav,HAPPY,0.29345703125
153,03-01-06-01-02-01-02.wav,FEARFUL,0.28886595911949686
154,03-01-02-01-01-02-02.wav,CALM,0.24817106213872833
155,03-01-01-01-01-02-02.wav,NEUTRAL,0.30054023938301283
156,03-01-05-02-01-02-02.wav,ANGRY,0.2605192151372832
157,03-01-07-01-01-02-02.wav,DISGUST,0.21789473029458598
158,03-01-05-01-02-02-02.wav,ANGRY,0.2765428496570122
159,03-01-02-02-02-01-02.wav,CALM,0.3172228107344633
160,03-01-06-02-01-01-02.wav,FEARFUL,0.2734523866234756
161,03-01-07-01-01-01-02.wav,DISGUST,0.20826884335691823
162,03-01-08-02-01-02-02.wav,SURPRISED,0.32236447948619634
163,03-01-08-02-02-02-02.wav,SURPRISED,0.3017875857469512
164,03-01-02-01-02-01-02.wav,CALM,0.22237681193524098
165,03-01-08-01-02-02-02.wav,SURPRISED,0.31667432598039214
166,03-01-01-01-01-01-02.wav,NEUTRAL,0.27019369526273884
167,03-01-03-02-02-01-02.wav,HAPPY,0.31470947265625
168,03-01-07-01-02-02-02.wav,DISGUST,0.25980680534638556
169,03-01-04-01-01-01-02.wav,SAD,0.2228121470256024
170,03-01-04-02-01-02-02.wav,SAD,0.2929477808665644
171,03-01-08-01-02-01-02.wav,SURPRISED,0.30898187099358976
172,03-01-03-01-01-01-02.wav,HAPPY,0.37315955528846156
173,03-01-04-01-01-02-02.wav,SAD,0.24619859566717792
174,03-01-02-02-02-02-02.wav,CALM,0.23335705773305085
175,03-01-01-01-02-02-02.wav,NEUTRAL,0.3201591296073718
176,03-01-02-01-02-02-02.wav,CALM,0.289417355559593
177,03-01-03-02-02-02-02.wav,HAPPY,0.24756736526946108
178,03-01-03-01-02-02-02.wav,HAPPY,0.3751304105201863
179,03-01-07-01-02-01-02.wav,DISGUST,0.22341352451347304
180,03-01-08-01-02-02-07.wav,SURPRISED,0.2557774486157718
181,03-01-05-02-01-01-07.wav,ANGRY,0.0879062750400641
182,03-01-07-01-01-01-07.wav,DISGUST,0.23737808925653595
183,03-01-03-02-01-01-07.wav,HAPPY,0.12422481903248588
184,03-01-04-02-01-02-07.wav,SAD,0.2383430205195783
185,03-01-04-01-02-02-07.wav,SAD,0.2665810956212575
186,03-01-03-01-01-02-07.wav,HAPPY,0.27974283854166665
187,03-01-02-01-02-01-07.wav,CALM,0.1830116928807947
188,03-01-07-02-01-01-07.wav,DISGUST,0.18373014141061453
189,03-01-08-01-01-02-07.wav,SURPRISED,0.23935355392156862
190,03-01-05-02-02-01-07.wav,ANGRY,0.16022978633283133
191,03-01-06-01-02-01-07.wav,FEARFUL,0.2286827548238255
192,03-01-04-02-02-02-07.wav,SAD,0.26653685052710846
193,03-01-07-02-02-02-07.wav,DISGUST,0.22803919523665048
194,03-01-03-01-02-01-07.wav,HAPPY,0.19003441220238096
195,03-01-04-02-01-01-07.wav,SAD,0.20798483455882352
196,03-01-05-01-01-01-07.wav,ANGRY,0.13847430455202311
197,03-01-08-02-02-01-07.wav,SURPRISED,0.24377031774328858
198,03-01-04-01-01-01-07.wav,SAD,0.29443359375
199,03-01-08-01-01-01-07.wav,SURPRISED,0.16826171875
200,03-01-02-01-01-02-07.wav,CALM,0.24466226708074534
201,03-01-03-01-01-01-07.wav,HAPPY,0.19645074503311258
202,03-01-08-02-01-01-07.wav,SURPRISED,0.15029413828592814
203,03-01-03-02-02-01-07.wav,HAPPY,0.18141612787356323
204,03-01-02-02-01-02-07.wav,CALM,0.20264841410928144
205,03-01-06-02-02-01-07.wav,FEARFUL,0.2123857355442177
206,03-01-05-01-02-02-07.wav,ANGRY,0.19227555997109827
207,03-01-06-01-01-01-07.wav,FEARFUL,0.0887721528942953
208,03-01-04-02-02-01-07.wav,SAD,0.19137825935509553
209,03-01-06-02-01-02-07.wav,FEARFUL,0.17627604166666666
210,03-01-07-02-01-02-07.wav,DISGUST,0.23057411595394736
211,03-01-03-02-02-02-07.wav,HAPPY,0.12928569747740964
212,03-01-07-02-02-01-07.wav,DISGUST,0.18733087465083798
213,03-01-02-02-01-01-07.wav,CALM,0.22146518244219654
214,03-01-06-02-01-01-07.wav,FEARFUL,0.20830326930732485
215,03-01-08-01-02-01-07.wav,SURPRISED,0.2357087615352349
216,03-01-07-01-02-01-07.wav,DISGUST,0.2771930054530201
217,03-01-01-01-02-02-07.wav,NEUTRAL,0.27139339091614906
218,03-01-07-01-01-02-07.wav,DISGUST,0.3382980649834437
219,03-01-06-01-02-02-07.wav,FEARFUL,0.3320847602739726
220,03-01-01-01-02-01-07.wav,NEUTRAL,0.2956201990223464
221,03-01-06-01-01-02-07.wav,FEARFUL,0.21113475269039736
222,03-01-03-02-01-02-07.wav,HAPPY,0.14878827676005746
223,03-01-08-02-01-02-07.wav,SURPRISED,0.3203373805732484
224,03-01-01-01-01-01-07.wav,NEUTRAL,0.2803398899778107
225,03-01-04-01-02-01-07.wav,SAD,0.26689836090686275
226,03-01-01-01-01-02-07.wav,NEUTRAL,0.2267262528582317
227,03-01-02-01-02-02-07.wav,CALM,0.27901603349673204
228,03-01-08-02-02-02-07.wav,SURPRISED,0.13829427083333334
229,03-01-02-02-02-01-07.wav,CALM,0.22804061226222827
230,03-01-05-01-01-02-07.wav,ANGRY,0.18566610646802326
231,03-01-03-01-02-02-07.wav,HAPPY,0.19003441220238096
232,03-01-07-01-02-02-07.wav,DISGUST,0.19266046262254902
233,03-01-06-02-02-02-07.wav,FEARFUL,0.2490913441639073
234,03-01-04-01-01-02-07.wav,SAD,0.25994090544871795
235,03-01-05-02-01-02-07.wav,ANGRY,0.10457121567919075
236,03-01-02-02-02-02-07.wav,CALM,0.20700366348870056
237,03-01-05-01-02-01-07.wav,ANGRY,0.17296163746387283
238,03-01-05-02-02-02-07.wav,ANGRY,0.1322354403409091
239,03-01-02-01-01-01-07.wav,CALM,0.20270833333333332
240,03-01-03-02-02-02-20.wav,HAPPY,0.422454833984375
241,03-01-02-01-01-01-20.wav,CALM,0.2847799313296178
242,03-01-04-02-01-01-20.wav,SAD,0.33909485237730064
243,03-01-03-02-01-02-20.wav,HAPPY,0.23312279485887097
244,03-01-06-01-02-02-20.wav,FEARFUL,0.280935861013986
245,03-01-08-02-02-01-20.wav,SURPRISED,0.2781415951797386
246,03-01-07-02-02-02-20.wav,DISGUST,0.28744269273952094
247,03-01-01-01-02-01-20.wav,NEUTRAL,0.2726116820469799
248,03-01-06-01-02-01-20.wav,FEARFUL,0.32155618106617645
249,03-01-03-02-02-01-20.wav,HAPPY,0.2367307984983766
250,03-01-07-01-01-01-20.wav,DISGUST,0.2450937967814371
251,03-01-07-01-01-02-20.wav,DISGUST,0.2601234957298137
252,03-01-05-02-01-01-20.wav,ANGRY,0.29053279940642457
253,03-01-02-02-01-02-20.wav,CALM,0.25303233753551135
254,03-01-03-01-02-02-20.wav,HAPPY,0.26797672193877553
255,03-01-04-02-02-02-20.wav,SAD,0.2836601789607558
256,03-01-04-02-01-02-20.wav,SAD,0.31565648480191255
257,03-01-07-02-02-01-20.wav,DISGUST,0.3518340320121951
258,03-01-04-01-01-01-20.wav,SAD,0.33458846654647434
259,03-01-06-02-01-01-20.wav,FEARFUL,0.22343803364071038
260,03-01-01-01-01-01-20.wav,NEUTRAL,0.277763671875
261,03-01-07-01-02-01-20.wav,DISGUST,0.28557299960191085
262,03-01-07-01-02-02-20.wav,DISGUST,0.29384824454066266
263,03-01-05-02-02-02-20.wav,ANGRY,0.38952716503267976
264,03-01-07-02-01-02-20.wav,DISGUST,0.3531101032838983
265,03-01-05-01-02-01-20.wav,ANGRY,0.3539455581761006
266,03-01-03-01-01-02-20.wav,HAPPY,0.2295745849609375
267,03-01-03-01-01-01-20.wav,HAPPY,0.2358685661764706
268,03-01-07-02-01-01-20.wav,DISGUST,0.2887369791666667
269,03-01-06-02-02-02-20.wav,FEARFUL,0.24780128975591717
270,03-01-06-02-01-02-20.wav,FEARFUL,0.23521864149305555
271,03-01-05-01-02-02-20.wav,ANGRY,0.32018149771341464
272,03-01-02-02-01-01-20.wav,CALM,0.26695534711826346
273,03-01-03-01-02-01-20.wav,HAPPY,0.35472005208333335
274,03-01-04-02-02-01-20.wav,SAD,0.3399092511432927
275,03-01-05-01-01-02-20.wav,ANGRY,0.2448927600931677
276,03-01-08-02-02-02-20.wav,SURPRISED,0.24182374685402686
277,03-01-02-01-01-02-20.wav,CALM,0.293308010349026
278,03-01-05-01-01-01-20.wav,ANGRY,0.27456752232142856
279,03-01-08-01-01-02-20.wav,SURPRISED,0.2308111810064935
280,03-01-08-02-01-02-20.wav,SURPRISED,0.2839878627232143
281,03-01-01-01-02-02-20.wav,NEUTRAL,0.3059002246732026
282,03-01-02-02-02-01-20.wav,CALM,0.30769182921974525
283,03-01-01-01-01-02-20.wav,NEUTRAL,0.303371677150974
284,03-01-06-01-01-02-20.wav,FEARFUL,0.3491908482142857
285,03-01-05-02-01-02-20.wav,ANGRY,0.3247625177556818
286,03-01-04-01-02-01-20.wav,SAD,0.28831380208333335
287,03-01-06-01-01-01-20.wav,FEARFUL,0.31467642435213417
288,03-01-08-02-01-01-20.wav,SURPRISED,0.23181834724378883
289,03-01-02-02-02-02-20.wav,CALM,0.3008745521496815
290,03-01-08-01-02-01-20.wav,SURPRISED,0.2628137925091912
291,03-01-02-01-02-01-20.wav,CALM,0.3062065972222222
292,03-01-05-02-02-01-20.wav,ANGRY,0.2924085115131579
293,03-01-02-01-02-02-20.wav,CALM,0.3028443191225166
294,03-01-08-01-02-02-20.wav,SURPRISED,0.25036444180253625
295,03-01-04-01-02-02-20.wav,SAD,0.3260481324914384
296,03-01-04-01-01-02-20.wav,SAD,0.286184550910596
297,03-01-08-01-01-01-20.wav,SURPRISED,0.24254673549107142
298,03-01-06-02-02-01-20.wav,FEARFUL,0.38090030875748504
299,03-01-03-02-01-01-20.wav,HAPPY,0.27864276238207547
300,03-01-06-02-02-01-12.wav,FEARFUL,0.2195703125
301,03-01-07-02-02-02-12.wav,DISGUST,0.22824877361918605
302,03-01-05-02-01-01-12.wav,ANGRY,0.16099596934713375
303,03-01-01-01-01-02-12.wav,NEUTRAL,0.3316482843137255
304,03-01-08-01-02-02-12.wav,SURPRISED,0.31039663461538464
305,03-01-07-01-01-01-12.wav,DISGUST,0.22203452542701863
306,03-01-06-02-01-02-12.wav,FEARFUL,0.132122802734375
307,03-01-08-02-01-02-12.wav,SURPRISED,0.2424695506599379
308,03-01-08-02-01-01-12.wav,SURPRISED,0.1910888671875
309,03-01-08-02-02-01-12.wav,SURPRISED,0.26294400232919257
310,03-01-05-02-02-02-12.wav,ANGRY,0.18460855139307228
311,03-01-08-01-01-01-12.wav,SURPRISED,0.2890688827614379
312,03-01-04-02-01-02-12.wav,SAD,0.25740509969325154
313,03-01-04-01-02-02-12.wav,SAD,0.297953023538961
314,03-01-07-02-01-01-12.wav,DISGUST,0.22797624454941862
315,03-01-06-02-01-01-12.wav,FEARFUL,0.16865416343167702
316,03-01-01-01-01-01-12.wav,NEUTRAL,0.2618462629378981
317,03-01-07-01-02-02-12.wav,DISGUST,0.2967742919921875
318,03-01-07-01-02-01-12.wav,DISGUST,0.28824556790865385
319,03-01-07-02-01-02-12.wav,DISGUST,0.2216796875
320,03-01-05-01-02-02-12.wav,ANGRY,0.28847056127793297
321,03-01-06-01-01-01-12.wav,FEARFUL,0.16453749468537415
322,03-01-03-01-02-02-12.wav,HAPPY,0.26197957104037267
323,03-01-08-01-02-01-12.wav,SURPRISED,0.32470379759933776
324,03-01-06-01-02-02-12.wav,FEARFUL,0.22341343976449277
325,03-01-04-02-02-02-12.wav,SAD,0.2264192318488024
326,03-01-05-01-02-01-12.wav,ANGRY,0.3260839237189441
327,03-01-02-02-01-02-12.wav,CALM,0.3144351514570552
328,03-01-07-02-02-01-12.wav,DISGUST,0.24537205958104397
329,03-01-04-01-01-02-12.wav,SAD,0.20393254206730768
330,03-01-08-02-02-02-12.wav,SURPRISED,0.26952510809748426
331,03-01-03-01-02-01-12.wav,HAPPY,0.23780913700331127
332,03-01-02-01-02-02-12.wav,CALM,0.3418920744889937
333,03-01-06-01-02-01-12.wav,FEARFUL,0.2706884096746575
334,03-01-03-02-01-02-12.wav,HAPPY,0.185293186976257
335,03-01-02-02-02-01-12.wav,CALM,0.332716663431677
336,03-01-05-02-02-01-12.wav,ANGRY,0.28347108422256095
337,03-01-01-01-02-01-12.wav,NEUTRAL,0.2588203625801282
338,03-01-02-01-01-01-12.wav,CALM,0.29153022080838326
339,03-01-04-01-02-01-12.wav,SAD,0.3013892983490566
340,03-01-01-01-02-02-12.wav,NEUTRAL,0.3073621616242038
341,03-01-05-02-01-02-12.wav,ANGRY,0.17552943199685533
342,03-01-08-01-01-02-12.wav,SURPRISED,0.20009890027866242
343,03-01-04-01-01-01-12.wav,SAD,0.27877481328616355
344,03-01-03-02-02-01-12.wav,HAPPY,0.2509101100221893
345,03-01-02-01-01-02-12.wav,CALM,0.2679825297162577
346,03-01-06-01-01-02-12.wav,FEARFUL,0.19930929221854304
347,03-01-05-01-01-02-12.wav,ANGRY,0.2198429551235465
348,03-01-02-02-01-01-12.wav,CALM,0.286865234375
349,03-01-03-02-01-01-12.wav,HAPPY,0.17738291981456045
350,03-01-04-02-02-01-12.wav,SAD,0.2598043302210366
351,03-01-07-01-01-02-12.wav,DISGUST,0.184918212890625
352,03-01-06-02-02-02-12.wav,FEARFUL,0.15061787539308177
353,03-01-03-01-01-02-12.wav,HAPPY,0.2596473456909938
354,03-01-04-02-01-01-12.wav,SAD,0.13571002526197604
355,03-01-03-02-02-02-12.wav,HAPPY,0.2425934547601744
356,03-01-05-01-01-01-12.wav,ANGRY,0.2628731105638587
357,03-01-03-01-01-01-12.wav,HAPPY,0.2434417724609375
358,03-01-02-02-02-02-12.wav,CALM,0.33260885099085363
359,03-01-02-01-02-01-12.wav,CALM,0.3119997363880368
360,03-01-04-01-02-02-15.wav,SAD,0.13124732448630136
361,03-01-05-01-02-01-15.wav,ANGRY,0.1872314453125
362,03-01-08-01-02-01-15.wav,SURPRISED,0.2160614013671875
363,03-01-08-01-02-02-15.wav,SURPRISED,0.1800185948202055
364,03-01-03-02-01-01-15.wav,HAPPY,0.11536754261363637
365,03-01-02-02-01-01-15.wav,CALM,0.1807592619889937
366,03-01-01-01-01-02-15.wav,NEUTRAL,0.2004673080956376
367,03-01-02-02-02-01-15.wav,CALM,0.12355813419117648
368,03-01-05-02-02-01-15.wav,ANGRY,0.18118489583333333
369,03-01-02-02-02-02-15.wav,CALM,0.1248622796474359
370,03-01-03-02-02-02-15.wav,HAPPY,0.23889661815068494
371,03-01-07-01-01-02-15.wav,DISGUST,0.20219819864649682
372,03-01-06-02-02-02-15.wav,FEARFUL,0.21987207677980133
373,03-01-07-01-01-01-15.wav,DISGUST,0.19385068905279504
374,03-01-02-01-02-02-15.wav,CALM,0.2224025974025974
375,03-01-07-01-02-02-15.wav,DISGUST,0.16452581232244318
376,03-01-03-01-01-02-15.wav,HAPPY,0.17859903971354166
377,03-01-03-02-02-01-15.wav,HAPPY,0.17553115472560976
378,03-01-05-02-01-01-15.wav,ANGRY,0.33824486825980393
379,03-01-01-01-02-01-15.wav,NEUTRAL,0.1826270186661074
380,03-01-07-02-01-02-15.wav,DISGUST,0.08548600706335617
381,03-01-06-01-02-01-15.wav,FEARFUL,0.1976015347960993
382,03-01-01-01-02-02-15.wav,NEUTRAL,0.1913531037414966
383,03-01-06-01-01-01-15.wav,FEARFUL,0.13227982954545456
384,03-01-02-02-01-02-15.wav,CALM,0.1565477324695122
385,03-01-06-02-01-02-15.wav,FEARFUL,0.14548177083333333
386,03-01-06-01-01-02-15.wav,FEARFUL,0.1603064903846154
387,03-01-05-02-01-02-15.wav,ANGRY,0.23695591517857142
388,03-01-03-01-02-02-15.wav,HAPPY,0.2219058043204698
389,03-01-03-01-01-01-15.wav,HAPPY,0.2339465082908163
390,03-01-05-01-02-02-15.wav,ANGRY,0.22258923100490197
391,03-01-01-01-01-01-15.wav,NEUTRAL,0.2489164169520548
392,03-01-08-01-01-02-15.wav,SURPRISED,0.1683980442533557
393,03-01-05-02-02-02-15.wav,ANGRY,0.20782314202724358
394,03-01-08-02-02-02-15.wav,SURPRISED,0.18345133463541666
395,03-01-07-01-02-01-15.wav,DISGUST,0.17759311124213836
396,03-01-04-02-02-02-15.wav,SAD,0.14495726719798657
397,03-01-08-02-02-01-15.wav,SURPRISED,0.1496758944746377
398,03-01-05-01-01-02-15.wav,ANGRY,0.17004081530448717
399,03-01-02-01-01-02-15.wav,CALM,0.23886148031655843
400,03-01-03-01-02-01-15.wav,HAPPY,0.18092515733506945
401,03-01-07-02-01-01-15.wav,DISGUST,0.1634124755859375
402,03-01-08-02-01-01-15.wav,SURPRISED,0.19095810145547945
403,03-01-08-01-01-01-15.wav,SURPRISED,0.1356737659235669
404,03-01-03-02-01-02-15.wav,HAPPY,0.18438151041666667
405,03-01-04-01-02-01-15.wav,SAD,0.17989578780594406
406,03-01-08-02-01-02-15.wav,SURPRISED,0.1564958479020979
407,03-01-04-01-01-02-15.wav,SAD,0.12510585118006992
408,03-01-04-02-01-01-15.wav,SAD,0.1405592032358156
409,03-01-07-02-02-02-15.wav,DISGUST,0.14076822916666668
410,03-01-06-01-02-02-15.wav,FEARFUL,0.19041944383741258
411,03-01-02-01-02-01-15.wav,CALM,0.12769919448757763
412,03-01-04-01-01-01-15.wav,SAD,0.20443462851821192
413,03-01-06-02-01-01-15.wav,FEARFUL,0.1163058810763889
414,03-01-07-02-02-01-15.wav,DISGUST,0.1349329381555944
415,03-01-06-02-02-01-15.wav,FEARFUL,0.1344378745719178
416,03-01-04-02-02-01-15.wav,SAD,0.244348064746732
417,03-01-05-01-01-01-15.wav,ANGRY,0.19551776472929935
418,03-01-02-01-01-01-15.wav,CALM,0.188035841112013
419,03-01-04-02-01-02-15.wav,SAD,0.14955024978741496
420,03-01-04-02-02-02-14.wav,SAD,0.3247330343934911
421,03-01-06-01-01-02-14.wav,FEARFUL,0.3178964590097403
422,03-01-07-01-02-01-14.wav,DISGUST,0.33119722923136646
423,03-01-03-01-02-02-14.wav,HAPPY,0.26128580729166667
424,03-01-06-02-02-02-14.wav,FEARFUL,0.272138671875
425,03-01-02-02-01-02-14.wav,CALM,0.29201530140532544
426,03-01-02-02-02-02-14.wav,CALM,0.2732907160659509
427,03-01-02-01-01-02-14.wav,CALM,0.33173320819805197
428,03-01-07-02-02-02-14.wav,DISGUST,0.2887320169588415
429,03-01-01-01-01-02-14.wav,NEUTRAL,0.3630845811631944
430,03-01-06-01-01-01-14.wav,FEARFUL,0.284109455265411
431,03-01-04-02-01-01-14.wav,SAD,0.4246409524700599
432,03-01-03-02-02-01-14.wav,HAPPY,0.27664662556475905
433,03-01-02-02-01-01-14.wav,CALM,0.29555050056137727
434,03-01-01-01-02-01-14.wav,NEUTRAL,0.358662109375
435,03-01-03-01-01-01-14.wav,HAPPY,0.3320037841796875
436,03-01-08-01-02-01-14.wav,SURPRISED,0.34560759171195654
437,03-01-05-01-02-02-14.wav,ANGRY,0.3267266087278107
438,03-01-05-02-01-02-14.wav,ANGRY,0.260336578207672
439,03-01-06-02-01-01-14.wav,FEARFUL,0.2661935466609589
440,03-01-04-02-02-01-14.wav,SAD,0.3458873820754717
441,03-01-08-02-02-01-14.wav,SURPRISED,0.2873870849609375
442,03-01-02-01-02-02-14.wav,CALM,0.35072498447847683
443,03-01-04-02-01-02-14.wav,SAD,0.3077584512578616
444,03-01-03-02-02-02-14.wav,HAPPY,0.2787479376940994
445,03-01-08-02-02-02-14.wav,SURPRISED,0.2954222874611801
446,03-01-01-01-01-01-14.wav,NEUTRAL,0.286474609375
447,03-01-05-01-01-02-14.wav,ANGRY,0.2885345458984375
448,03-01-07-01-01-01-14.wav,DISGUST,0.3437290308665644
449,03-01-07-01-01-02-14.wav,DISGUST,0.3202160877786624
450,03-01-05-02-02-02-14.wav,ANGRY,0.3456594366776316
451,03-01-07-02-01-02-14.wav,DISGUST,0.30186092779503104
452,03-01-05-01-01-01-14.wav,ANGRY,0.3335774739583333
453,03-01-07-01-02-02-14.wav,DISGUST,0.3199080952837423
454,03-01-07-02-01-01-14.wav,DISGUST,0.26041187959558826
455,03-01-07-02-02-01-14.wav,DISGUST,0.2990338787342767
456,03-01-08-01-01-01-14.wav,SURPRISED,0.2826806329617834
457,03-01-06-01-02-01-14.wav,FEARFUL,0.4398276969178082
458,03-01-05-02-01-01-14.wav,ANGRY,0.2513931937839674
459,03-01-05-01-02-01-14.wav,ANGRY,0.3048057793090062
460,03-01-03-02-01-01-14.wav,HAPPY,0.28932311637269936
461,03-01-05-02-02-01-14.wav,ANGRY,0.29301215277777776
462,03-01-04-01-02-01-14.wav,SAD,0.37860889923878205
463,03-01-04-01-01-01-14.wav,SAD,0.35011888586956524
464,03-01-06-02-01-02-14.wav,FEARFUL,0.2771743463010204
465,03-01-08-02-01-02-14.wav,SURPRISED,0.2618865966796875
466,03-01-02-01-02-01-14.wav,CALM,0.2954466943027211
467,03-01-03-01-01-02-14.wav,HAPPY,0.28046997838050314
468,03-01-06-02-02-01-14.wav,FEARFUL,0.29393561154801323
469,03-01-04-01-02-02-14.wav,SAD,0.3549038756127451
470,03-01-08-01-01-02-14.wav,SURPRISED,0.2967576856737013
471,03-01-02-02-02-01-14.wav,CALM,0.29720557550465837
472,03-01-08-01-02-02-14.wav,SURPRISED,0.318359375
473,03-01-03-01-02-01-14.wav,HAPPY,0.31469892644557823
474,03-01-03-02-01-02-14.wav,HAPPY,0.2716572447593168
475,03-01-08-02-01-01-14.wav,SURPRISED,0.3219874182412791
476,03-01-06-01-02-02-14.wav,FEARFUL,0.3560740849743151
477,03-01-02-01-01-01-14.wav,CALM,0.268557720302795
478,03-01-04-01-01-02-14.wav,SAD,0.2859606620592949
479,03-01-01-01-02-02-14.wav,NEUTRAL,0.32210709212662336
480,03-01-06-02-02-01-13.wav,FEARFUL,0.28627185947847683
481,03-01-03-02-01-01-13.wav,HAPPY,0.27192022336409394
482,03-01-04-01-01-01-13.wav,SAD,0.2504375507305195
483,03-01-03-02-02-02-13.wav,HAPPY,0.2976175944010417
484,03-01-05-02-02-02-13.wav,ANGRY,0.24186197916666666
485,03-01-07-02-02-01-13.wav,DISGUST,0.3171768707482993
486,03-01-02-02-02-02-13.wav,CALM,0.3064468034351145
487,03-01-08-02-01-01-13.wav,SURPRISED,0.3132120768229167
488,03-01-05-02-02-01-13.wav,ANGRY,0.26133510044642855
489,03-01-05-01-02-01-13.wav,ANGRY,0.3007342998798077
490,03-01-04-02-01-02-13.wav,SAD,0.2723243553321678
491,03-01-05-01-01-01-13.wav,ANGRY,0.28569041002516776
492,03-01-04-01-02-01-13.wav,SAD,0.2846712458053691
493,03-01-03-01-01-02-13.wav,HAPPY,0.28439906023550726
494,03-01-02-02-01-01-13.wav,CALM,0.3128877527573529
495,03-01-06-01-01-01-13.wav,FEARFUL,0.3262185489430147
496,03-01-01-01-02-01-13.wav,NEUTRAL,0.32728427514097747
497,03-01-02-01-01-02-13.wav,CALM,0.30652300980839414
498,03-01-08-01-02-01-13.wav,SURPRISED,0.33545998965992646
499,03-01-07-01-02-01-13.wav,DISGUST,0.33269960660460995
500,03-01-04-02-02-01-13.wav,SAD,0.23328374056208054
501,03-01-02-01-02-01-13.wav,CALM,0.26238295611213236
502,03-01-05-01-01-02-13.wav,ANGRY,0.2823925142973856
503,03-01-08-01-01-01-13.wav,SURPRISED,0.27097284226190477
504,03-01-04-01-02-02-13.wav,SAD,0.3197740528681507
505,03-01-07-01-02-02-13.wav,DISGUST,0.33882882254464286
506,03-01-08-02-02-02-13.wav,SURPRISED,0.3176320749562937
507,03-01-08-01-01-02-13.wav,SURPRISED,0.3241972081801471
508,03-01-01-01-01-01-13.wav,NEUTRAL,0.3264356181569343
509,03-01-04-02-02-02-13.wav,SAD,0.2710314764492754
510,03-01-06-02-01-02-13.wav,FEARFUL,0.23278895168439717
511,03-01-07-02-02-02-13.wav,DISGUST,0.2793919096057047
512,03-01-06-02-02-02-13.wav,FEARFUL,0.28208503170289856
513,03-01-03-01-01-01-13.wav,HAPPY,0.29325474330357143
514,03-01-04-01-01-02-13.wav,SAD,0.28199997446895425
515,03-01-03-01-02-01-13.wav,HAPPY,0.29161879595588236
516,03-01-03-01-02-02-13.wav,HAPPY,0.29050257586050726
517,03-01-02-01-01-01-13.wav,CALM,0.23973926464160839
518,03-01-08-01-02-02-13.wav,SURPRISED,0.3245691197519084
519,03-01-02-02-01-02-13.wav,CALM,0.334907863451087
520,03-01-07-02-01-02-13.wav,DISGUST,0.2469268798828125
521,03-01-03-02-02-01-13.wav,HAPPY,0.2797784674657534
522,03-01-06-01-02-01-13.wav,FEARFUL,0.29767464900362317
523,03-01-01-01-02-02-13.wav,NEUTRAL,0.3287820255055147
524,03-01-08-02-01-02-13.wav,SURPRISED,0.285958670236014
525,03-01-06-01-02-02-13.wav,FEARFUL,0.2470458984375
526,03-01-02-02-02-01-13.wav,CALM,0.3195350060096154
527,03-01-08-02-02-01-13.wav,SURPRISED,0.3114997016059028
528,03-01-01-01-01-02-13.wav,NEUTRAL,0.3273041213768116
529,03-01-05-02-01-01-13.wav,ANGRY,0.2148038276336478
530,03-01-06-01-01-02-13.wav,FEARFUL,0.25918467723540145
531,03-01-05-02-01-02-13.wav,ANGRY,0.1654105808423913
532,03-01-02-01-02-02-13.wav,CALM,0.30647145669291337
533,03-01-07-01-01-02-13.wav,DISGUST,0.34073833827554745
534,03-01-03-02-01-02-13.wav,HAPPY,0.2281055939503205
535,03-01-07-01-01-01-13.wav,DISGUST,0.27257223690257354
536,03-01-04-02-01-01-13.wav,SAD,0.24125501844618055
537,03-01-07-02-01-01-13.wav,DISGUST,0.2615028433248299
538,03-01-06-02-01-01-13.wav,FEARFUL,0.3372317797517123
539,03-01-05-01-02-02-13.wav,ANGRY,0.3102425353167808
540,03-01-08-02-02-01-16.wav,SURPRISED,0.3451355773133117
541,03-01-01-01-01-02-16.wav,NEUTRAL,0.2837581279114907
542,03-01-02-02-01-01-16.wav,CALM,0.3330165840194611
543,03-01-03-01-01-02-16.wav,HAPPY,0.38277871953616355
544,03-01-07-01-01-01-16.wav,DISGUST,0.22416303201687116
545,03-01-04-02-02-01-16.wav,SAD,0.35634882578592814
546,03-01-05-02-01-02-16.wav,ANGRY,0.2554954386645963
547,03-01-01-01-02-01-16.wav,NEUTRAL,0.3040145482772436
548,03-01-03-01-01-01-16.wav,HAPPY,0.2594451904296875
549,03-01-08-01-02-01-16.wav,SURPRISED,0.27770268522350994
550,03-01-08-02-02-02-16.wav,SURPRISED,0.2430055296266234
551,03-01-04-02-01-02-16.wav,SAD,0.22033095941310976
552,03-01-08-01-01-01-16.wav,SURPRISED,0.23574410232843138
553,03-01-05-01-01-01-16.wav,ANGRY,0.22632119821947674
554,03-01-08-02-01-02-16.wav,SURPRISED,0.23903760723039216
555,03-01-04-01-02-02-16.wav,SAD,0.21430373033940397
556,03-01-06-02-02-01-16.wav,FEARFUL,0.2507627399918301
557,03-01-08-01-02-02-16.wav,SURPRISED,0.23272664114932887
558,03-01-06-02-01-02-16.wav,FEARFUL,0.2593410326086957
559,03-01-07-02-01-02-16.wav,DISGUST,0.21008100665983606
560,03-01-06-02-01-01-16.wav,FEARFUL,0.23085391595496896
561,03-01-05-02-01-01-16.wav,ANGRY,0.23590513717296513
562,03-01-08-02-01-01-16.wav,SURPRISED,0.23225911458333334
563,03-01-01-01-02-02-16.wav,NEUTRAL,0.277730570211039
564,03-01-02-02-01-02-16.wav,CALM,0.24390510110294117
565,03-01-07-01-02-02-16.wav,DISGUST,0.2823977780032468
566,03-01-05-01-02-02-16.wav,ANGRY,0.2901401858357988
567,03-01-07-02-02-02-16.wav,DISGUST,0.31429218313547486
568,03-01-03-01-02-02-16.wav,HAPPY,0.2665370725235849
569,03-01-02-02-02-01-16.wav,CALM,0.22855135289634146
570,03-01-07-02-01-01-16.wav,DISGUST,0.314705226732337
571,03-01-04-02-02-02-16.wav,SAD,0.35397964382763975
572,03-01-05-01-02-01-16.wav,ANGRY,0.2745787490754438
573,03-01-02-01-01-01-16.wav,CALM,0.24227294921875
574,03-01-04-01-01-01-16.wav,SAD,0.3355728743912338
575,03-01-07-01-01-02-16.wav,DISGUST,0.2138095642468944
576,03-01-05-02-02-02-16.wav,ANGRY,0.2847234552556818
577,03-01-03-02-01-02-16.wav,HAPPY,0.3351828835227273
578,03-01-07-02-02-01-16.wav,DISGUST,0.2916157472067039
579,03-01-06-02-02-02-16.wav,FEARFUL,0.2848134830298013
580,03-01-06-01-02-02-16.wav,FEARFUL,0.2232998934659091
581,03-01-06-01-01-01-16.wav,FEARFUL,0.2567535400390625
582,03-01-08-01-01-02-16.wav,SURPRISED,0.3300388003355705
583,03-01-02-01-02-02-16.wav,CALM,0.26270759630503143
584,03-01-02-02-02-02-16.wav,CALM,0.29091737328506095
585,03-01-04-01-02-01-16.wav,SAD,0.321820525085034
586,03-01-02-01-01-02-16.wav,CALM,0.19414588791167664
587,03-01-03-01-02-01-16.wav,HAPPY,0.34321622670807456
588,03-01-04-01-01-02-16.wav,SAD,0.28910293093152867
589,03-01-03-02-01-01-16.wav,HAPPY,0.2458511071702454
590,03-01-01-01-01-01-16.wav,NEUTRAL,0.2617278484083851
591,03-01-05-02-02-01-16.wav,ANGRY,0.27104075362042684
592,03-01-03-02-02-02-16.wav,HAPPY,0.3101925733612805
593,03-01-06-01-01-02-16.wav,FEARFUL,0.2100417787665563
594,03-01-07-01-02-01-16.wav,DISGUST,0.235263671875
595,03-01-05-01-01-02-16.wav,ANGRY,0.3306256773843931
596,03-01-04-02-01-01-16.wav,SAD,0.2618461277173913
597,03-01-03-02-02-01-16.wav,HAPPY,0.31013947469325154
598,03-01-02-01-02-01-16.wav,CALM,0.3014958079268293
599,03-01-06-01-02-01-16.wav,FEARFUL,0.36223937599522293
600,03-01-08-01-01-02-10.wav,SURPRISED,0.14456778805272108
601,03-01-05-02-02-02-10.wav,ANGRY,0.18490583537011174
602,03-01-07-01-01-02-10.wav,DISGUST,0.11283052884615384
603,03-01-06-01-02-02-10.wav,FEARFUL,0.12439374475671142
604,03-01-06-01-02-01-10.wav,FEARFUL,0.13117532169117646
605,03-01-01-01-02-02-10.wav,NEUTRAL,0.14545867727987422
606,03-01-05-02-01-01-10.wav,ANGRY,0.13218044704861112
607,03-01-04-02-01-02-10.wav,SAD,0.1397847757711039
608,03-01-02-01-02-02-10.wav,CALM,0.1937530517578125
609,03-01-03-01-01-01-10.wav,HAPPY,0.12121986237582781
610,03-01-04-01-01-02-10.wav,SAD,0.138076171875
611,03-01-06-01-01-01-10.wav,FEARFUL,0.12829174638605442
612,03-01-02-01-01-01-10.wav,CALM,0.19851169338474026
613,03-01-08-02-02-02-10.wav,SURPRISED,0.1354414579884106
614,03-01-06-02-02-01-10.wav,FEARFUL,0.1441918349847561
615,03-01-03-02-02-02-10.wav,HAPPY,0.1783248546511628
616,03-01-05-02-01-02-10.wav,ANGRY,0.11804515463082901
617,03-01-05-02-02-01-10.wav,ANGRY,0.2001894648203593
618,03-01-04-02-01-01-10.wav,SAD,0.13426764279801323
619,03-01-08-01-02-01-10.wav,SURPRISED,0.13852636072019867
620,03-01-06-02-02-02-10.wav,FEARFUL,0.12342989801646706
621,03-01-03-01-02-02-10.wav,HAPPY,0.16847059461805555
622,03-01-06-02-01-01-10.wav,FEARFUL,0.17465593956953643
623,03-01-08-02-02-01-10.wav,SURPRISED,0.14380660330414013
624,03-01-02-02-02-01-10.wav,CALM,0.13833543730945122
625,03-01-03-01-01-02-10.wav,HAPPY,0.12527018229166667
626,03-01-04-02-02-02-10.wav,SAD,0.1548707640016234
627,03-01-02-02-02-02-10.wav,CALM,0.13147119728915663
628,03-01-05-01-01-02-10.wav,ANGRY,0.16119490606936415
629,03-01-05-01-02-01-10.wav,ANGRY,0.1333945753884181
630,03-01-07-02-01-02-10.wav,DISGUST,0.14026128029336735
631,03-01-02-02-01-01-10.wav,CALM,0.13518415178571427
632,03-01-02-01-02-01-10.wav,CALM,0.2103217058121019
633,03-01-08-02-01-02-10.wav,SURPRISED,0.1430066167091837
634,03-01-01-01-01-01-10.wav,NEUTRAL,0.12130757250816994
635,03-01-08-02-01-01-10.wav,SURPRISED,0.1379895747102649
636,03-01-07-01-02-02-10.wav,DISGUST,0.17573348335597827
637,03-01-07-01-01-01-10.wav,DISGUST,0.141607666015625
638,03-01-07-02-01-01-10.wav,DISGUST,0.13858002011138615
639,03-01-08-01-02-02-10.wav,SURPRISED,0.13888020833333334
640,03-01-03-02-01-02-10.wav,HAPPY,0.14937849234271522
641,03-01-07-02-02-02-10.wav,DISGUST,0.1442592075892857
642,03-01-04-01-01-01-10.wav,SAD,0.13531195367132867
643,03-01-03-02-01-01-10.wav,HAPPY,0.1830554640436747
644,03-01-07-02-02-01-10.wav,DISGUST,0.15084939474587913
645,03-01-07-01-02-01-10.wav,DISGUST,0.13350545003742514
646,03-01-03-01-02-01-10.wav,HAPPY,0.16125915100524477
647,03-01-06-02-01-02-10.wav,FEARFUL,0.1595184326171875
648,03-01-01-01-01-02-10.wav,NEUTRAL,0.17302216679216867
649,03-01-02-01-01-02-10.wav,CALM,0.15509815705128205
650,03-01-03-02-02-01-10.wav,HAPPY,0.21504391498447206
651,03-01-05-01-01-01-10.wav,ANGRY,0.16432253143491124
652,03-01-04-02-02-01-10.wav,SAD,0.14681603773584906
653,03-01-04-01-02-02-10.wav,SAD,0.1423488709984756
654,03-01-06-01-01-02-10.wav,FEARFUL,0.13578316215034966
655,03-01-02-02-01-02-10.wav,CALM,0.1219914596273292
656,03-01-05-01-02-02-10.wav,ANGRY,0.16541004713687152
657,03-01-08-01-01-01-10.wav,SURPRISED,0.1432373046875
658,03-01-04-01-02-01-10.wav,SAD,0.1312838286356209
659,03-01-01-01-02-01-10.wav,NEUTRAL,0.13922384510869565
660,03-01-04-01-01-02-17.wav,SAD,0.12091266556291391
661,03-01-06-02-02-02-17.wav,FEARFUL,0.1378394437123494
662,03-01-08-02-01-01-17.wav,SURPRISED,0.10302415236928104
663,03-01-01-01-02-01-17.wav,NEUTRAL,0.17037781974337748
664,03-01-03-01-02-02-17.wav,HAPPY,0.15723932802287582
665,03-01-02-01-02-01-17.wav,CALM,0.14941102969720496
666,03-01-05-01-01-01-17.wav,ANGRY,0.20491536458333334
667,03-01-07-01-01-01-17.wav,DISGUST,0.18791474491716867
668,03-01-07-02-02-01-17.wav,DISGUST,0.17405329096502592
669,03-01-08-01-01-01-17.wav,SURPRISED,0.17390452274659865
670,03-01-07-01-02-02-17.wav,DISGUST,0.1713058774834437
671,03-01-07-01-01-02-17.wav,DISGUST,0.168328857421875
672,03-01-07-01-02-01-17.wav,DISGUST,0.1916408786525974
673,03-01-01-01-01-02-17.wav,NEUTRAL,0.18076107201986755
674,03-01-03-01-02-01-17.wav,HAPPY,0.204208984375
675,03-01-05-01-02-01-17.wav,ANGRY,0.1790771484375
676,03-01-08-02-01-02-17.wav,SURPRISED,0.13445545892295596
677,03-01-02-02-01-02-17.wav,CALM,0.15936122796474358
678,03-01-03-02-02-02-17.wav,HAPPY,0.17444145388719512
679,03-01-06-02-01-01-17.wav,FEARFUL,0.1085693359375
680,03-01-02-02-01-01-17.wav,CALM,0.14310441616766467
681,03-01-06-02-01-02-17.wav,FEARFUL,0.11997161296583851
682,03-01-05-01-02-02-17.wav,ANGRY,0.20332286560457516
683,03-01-06-01-02-01-17.wav,FEARFUL,0.06598179636437909
684,03-01-04-02-01-01-17.wav,SAD,0.09493845813679246
685,03-01-04-01-01-01-17.wav,SAD,0.18241143376572327
686,03-01-06-01-02-02-17.wav,FEARFUL,0.10693670382165606
687,03-01-04-01-02-01-17.wav,SAD,0.166307325487013
688,03-01-05-02-01-02-17.wav,ANGRY,0.19402659161490685
689,03-01-08-01-02-02-17.wav,SURPRISED,0.13297635276845637
690,03-01-05-02-02-02-17.wav,ANGRY,0.18580887957317074
691,03-01-04-02-01-02-17.wav,SAD,0.127423095703125
692,03-01-04-02-02-02-17.wav,SAD,0.17211596996753248
693,03-01-03-01-01-01-17.wav,HAPPY,0.176513671875
694,03-01-08-02-02-02-17.wav,SURPRISED,0.17183032066993464
695,03-01-03-02-02-01-17.wav,HAPPY,0.15775123738354038
696,03-01-02-01-02-02-17.wav,CALM,0.191672857553681
697,03-01-04-02-02-01-17.wav,SAD,0.13576409755608973
698,03-01-03-02-01-02-17.wav,HAPPY,0.12051167461158192
699,03-01-02-02-02-02-17.wav,CALM,0.1556500204248366
700,03-01-07-02-02-02-17.wav,DISGUST,0.14454351837311558
701,03-01-08-01-02-01-17.wav,SURPRISED,0.1946870986729452
702,03-01-06-02-02-01-17.wav,FEARFUL,0.11096882370283019
703,03-01-02-01-01-01-17.wav,CALM,0.1930780473923841
704,03-01-05-01-01-02-17.wav,ANGRY,0.1695404052734375
705,03-01-08-01-01-02-17.wav,SURPRISED,0.1364077428343949
706,03-01-03-01-01-02-17.wav,HAPPY,0.15840737336601307
707,03-01-02-02-02-01-17.wav,CALM,0.18036697571536145
708,03-01-07-02-01-02-17.wav,DISGUST,0.16904839409722222
709,03-01-05-02-02-01-17.wav,ANGRY,0.18054276970541402
710,03-01-01-01-01-01-17.wav,NEUTRAL,0.15338796592620482
711,03-01-03-02-01-01-17.wav,HAPPY,0.14878323951863354
712,03-01-02-01-01-02-17.wav,CALM,0.14597375408496732
713,03-01-01-01-02-02-17.wav,NEUTRAL,0.17006184895833334
714,03-01-04-01-02-02-17.wav,SAD,0.1565223106971154
715,03-01-06-01-01-02-17.wav,FEARFUL,0.09427385140728477
716,03-01-08-02-02-01-17.wav,SURPRISED,0.1294764576342282
717,03-01-06-01-01-01-17.wav,FEARFUL,0.09083333333333334
718,03-01-05-02-01-01-17.wav,ANGRY,0.1627981425910596
719,03-01-07-02-01-01-17.wav,DISGUST,0.1728515625
720,03-01-02-02-02-02-23.wav,CALM,0.36999821541878175
721,03-01-03-01-01-02-23.wav,HAPPY,0.39431654476950356
722,03-01-08-01-02-01-23.wav,SURPRISED,0.33397071678321677
723,03-01-05-01-02-01-23.wav,ANGRY,0.3438157967641844
724,03-01-04-01-02-01-23.wav,SAD,0.36468268060064934
725,03-01-06-01-01-01-23.wav,FEARFUL,0.3116872902684564
726,03-01-08-02-01-01-23.wav,SURPRISED,0.3326553445778146
727,03-01-06-02-01-02-23.wav,FEARFUL,0.23470270553691275
728,03-01-08-01-01-02-23.wav,SURPRISED,0.35545828683035713
729,03-01-02-01-01-02-23.wav,CALM,0.3349387428977273
730,03-01-02-02-01-02-23.wav,CALM,0.33431071372487436
731,03-01-04-01-01-01-23.wav,SAD,0.23670372596153846
732,03-01-05-01-02-02-23.wav,ANGRY,0.3826565212673611
733,03-01-01-01-02-01-23.wav,NEUTRAL,0.37778228183962265
734,03-01-06-01-02-02-23.wav,FEARFUL,0.29733777402052236
735,03-01-07-02-01-01-23.wav,DISGUST,0.2727938565340909
736,03-01-06-01-01-02-23.wav,FEARFUL,0.40017438616071427
737,03-01-06-02-02-02-23.wav,FEARFUL,0.14014948427287582
738,03-01-07-02-02-02-23.wav,DISGUST,0.2588036816991018
739,03-01-04-02-02-01-23.wav,SAD,0.32300666360294117
740,03-01-07-01-01-02-23.wav,DISGUST,0.381883497362013
741,03-01-05-02-01-02-23.wav,ANGRY,0.3142123752170139
742,03-01-03-01-02-01-23.wav,HAPPY,0.2964076450892857
743,03-01-08-01-01-01-23.wav,SURPRISED,0.35390001662234044
744,03-01-03-01-02-02-23.wav,HAPPY,0.2858488475177305
745,03-01-03-02-02-01-23.wav,HAPPY,0.28238699776785714
746,03-01-05-02-02-01-23.wav,ANGRY,0.27426409040178573
747,03-01-04-01-01-02-23.wav,SAD,0.2831329528443114
748,03-01-07-01-02-01-23.wav,DISGUST,0.39721354166666667
749,03-01-08-02-01-02-23.wav,SURPRISED,0.4038621040239726
750,03-01-01-01-02-02-23.wav,NEUTRAL,0.33730527579066266
751,03-01-05-02-01-01-23.wav,ANGRY,0.34265718005952384
752,03-01-02-02-02-01-23.wav,CALM,0.3590632724223164
753,03-01-07-01-02-02-23.wav,DISGUST,0.4264119466145833
754,03-01-05-02-02-02-23.wav,ANGRY,0.3595047530594406
755,03-01-07-02-02-01-23.wav,DISGUST,0.3115234375
756,03-01-03-02-01-02-23.wav,HAPPY,0.2790704257246377
757,03-01-02-01-02-02-23.wav,CALM,0.3529567828757225
758,03-01-07-01-01-01-23.wav,DISGUST,0.3089647169237013
759,03-01-04-02-02-02-23.wav,SAD,0.2295874618902439
760,03-01-06-01-02-01-23.wav,FEARFUL,0.42159495634191174
761,03-01-01-01-01-01-23.wav,NEUTRAL,0.3300215558307927
762,03-01-08-01-02-02-23.wav,SURPRISED,0.37812773164335667
763,03-01-03-01-01-01-23.wav,HAPPY,0.3089362250434028
764,03-01-04-01-02-02-23.wav,SAD,0.28081699587264153
765,03-01-07-02-01-02-23.wav,DISGUST,0.29282840568862273
766,03-01-04-02-01-02-23.wav,SAD,0.3501829117063492
767,03-01-01-01-01-02-23.wav,NEUTRAL,0.2940605590062112
768,03-01-02-01-01-01-23.wav,CALM,0.36754519440406974
769,03-01-06-02-01-01-23.wav,FEARFUL,0.29658964082792205
770,03-01-03-02-02-02-23.wav,HAPPY,0.3796142578125
771,03-01-08-02-02-02-23.wav,SURPRISED,0.38677338286713286
772,03-01-05-01-01-02-23.wav,ANGRY,0.2510687554632867
773,03-01-06-02-02-01-23.wav,FEARFUL,0.33525897930194803
774,03-01-02-01-02-01-23.wav,CALM,0.33379991319444446
775,03-01-05-01-01-01-23.wav,ANGRY,0.35589898382867136
776,03-01-02-02-01-01-23.wav,CALM,0.2874209916771357
777,03-01-03-02-01-01-23.wav,HAPPY,0.3579868861607143
778,03-01-08-02-02-01-23.wav,SURPRISED,0.3154059516059028
779,03-01-04-02-01-01-23.wav,SAD,0.2776330035665761
780,03-01-05-01-02-02-01.wav,ANGRY,0.33392978454968947
781,03-01-01-01-01-01-01.wav,NEUTRAL,0.3727122486888112
782,03-01-04-01-02-02-01.wav,SAD,0.3454054741010274
783,03-01-01-01-01-02-01.wav,NEUTRAL,0.3805508083767361
784,03-01-02-02-02-02-01.wav,CALM,0.3301910223988439
785,03-01-04-02-01-02-01.wav,SAD,0.3179412841796875
786,03-01-08-02-01-01-01.wav,SURPRISED,0.27793361996644295
787,03-01-02-01-01-01-01.wav,CALM,0.3570101868872549
788,03-01-05-02-02-02-01.wav,ANGRY,0.2377192179361979
789,03-01-02-02-02-01-01.wav,CALM,0.3375311212225275
790,03-01-02-02-01-02-01.wav,CALM,0.3299370032514451
791,03-01-06-01-01-02-01.wav,FEARFUL,0.38163378284235666
792,03-01-04-01-02-01-01.wav,SAD,0.27627664528145696
793,03-01-07-01-01-01-01.wav,DISGUST,0.2673705323727545
794,03-01-07-01-02-02-01.wav,DISGUST,0.384033203125
795,03-01-03-01-02-01-01.wav,HAPPY,0.36240042892156865
796,03-01-01-01-02-01-01.wav,NEUTRAL,0.39912317154255317
797,03-01-07-01-01-02-01.wav,DISGUST,0.3195555196005917
798,03-01-08-02-02-02-01.wav,SURPRISED,0.356524961214539
799,03-01-08-02-02-01-01.wav,SURPRISED,0.2882702555877483
800,03-01-05-02-02-01-01.wav,ANGRY,0.26423107978351956
801,03-01-08-01-02-02-01.wav,SURPRISED,0.3431682180851064
802,03-01-06-01-01-01-01.wav,FEARFUL,0.2963467963836478
803,03-01-04-01-01-02-01.wav,SAD,0.34484070616883117
804,03-01-06-01-02-01-01.wav,FEARFUL,0.3018528471057047
805,03-01-07-02-01-01-01.wav,DISGUST,0.2451171875
806,03-01-06-02-02-01-01.wav,FEARFUL,0.17932980559593023
807,03-01-06-01-02-02-01.wav,FEARFUL,0.3351593017578125
808,03-01-08-01-02-01-01.wav,SURPRISED,0.36027177798202614
809,03-01-07-02-02-02-01.wav,DISGUST,0.3547479538690476
810,03-01-03-02-01-02-01.wav,HAPPY,0.25966610270700635
811,03-01-03-01-01-02-01.wav,HAPPY,0.33329427083333335
812,03-01-03-02-02-02-01.wav,HAPPY,0.33679055606617647
813,03-01-02-01-02-01-01.wav,CALM,0.3653928238824503
814,03-01-07-02-02-01-01.wav,DISGUST,0.2851450251436782
815,03-01-08-01-01-02-01.wav,SURPRISED,0.3453083444148936
816,03-01-04-02-02-01-01.wav,SAD,0.3244522758152174
817,03-01-07-02-01-02-01.wav,DISGUST,0.3226352842514124
818,03-01-05-01-01-02-01.wav,ANGRY,0.3285070082720588
819,03-01-08-01-01-01-01.wav,SURPRISED,0.32997847576530615
820,03-01-04-02-01-01-01.wav,SAD,0.32551388624237804
821,03-01-06-02-01-02-01.wav,FEARFUL,0.16128490010245902
822,03-01-05-01-02-01-01.wav,ANGRY,0.3855675703642384
823,03-01-05-02-01-01-01.wav,ANGRY,0.2712029925847458
824,03-01-03-02-02-01-01.wav,HAPPY,0.29053021599264706
825,03-01-02-02-01-01-01.wav,CALM,0.2999755859375
826,03-01-07-01-02-01-01.wav,DISGUST,0.31774107803254437
827,03-01-06-02-01-01-01.wav,FEARFUL,0.17730260778356483
828,03-01-03-01-02-02-01.wav,HAPPY,0.396258544921875
829,03-01-04-02-02-02-01.wav,SAD,0.3668053668478261
830,03-01-03-01-01-01-01.wav,HAPPY,0.40109049479166664
831,03-01-03-02-01-01-01.wav,HAPPY,0.35960225039308175
832,03-01-05-02-01-02-01.wav,ANGRY,0.2444738963293651
833,03-01-02-01-01-02-01.wav,CALM,0.3222969250801282
834,03-01-04-01-01-01-01.wav,SAD,0.2988104762801205
835,03-01-06-02-02-02-01.wav,FEARFUL,0.17290645802514792
836,03-01-02-01-02-02-01.wav,CALM,0.3942513020833333
837,03-01-05-01-01-01-01.wav,ANGRY,0.33361889502245506
838,03-01-01-01-02-02-01.wav,NEUTRAL,0.39692988708941607
839,03-01-08-02-01-02-01.wav,SURPRISED,0.2581549310064935
840,03-01-03-01-02-01-18.wav,HAPPY,0.27872339031040266
841,03-01-06-02-02-02-18.wav,FEARFUL,0.3658566358612805
842,03-01-08-01-02-01-18.wav,SURPRISED,0.30729382243377484
843,03-01-07-01-02-02-18.wav,DISGUST,0.2501808449074074
844,03-01-08-02-02-02-18.wav,SURPRISED,0.3230462529856688
845,03-01-07-01-01-01-18.wav,DISGUST,0.3167790238575269
846,03-01-02-01-02-01-18.wav,CALM,0.2576756568471338
847,03-01-02-01-01-02-18.wav,CALM,0.29929315476190477
848,03-01-07-01-01-02-18.wav,DISGUST,0.2736122824928977
849,03-01-05-02-01-02-18.wav,ANGRY,0.3541536857745399
850,03-01-08-01-02-02-18.wav,SURPRISED,0.34375323365066224
851,03-01-04-01-02-01-18.wav,SAD,0.32290709252450983
852,03-01-05-02-02-02-18.wav,ANGRY,0.3912627006489071
853,03-01-08-02-01-01-18.wav,SURPRISED,0.3002089968152866
854,03-01-06-02-01-01-18.wav,FEARFUL,0.37804190120341613
855,03-01-02-01-02-02-18.wav,CALM,0.2750866618377483
856,03-01-06-01-01-01-18.wav,FEARFUL,0.30602781564597314
857,03-01-04-02-02-02-18.wav,SAD,0.3313488328313253
858,03-01-06-01-02-02-18.wav,FEARFUL,0.2554654947916667
859,03-01-05-02-02-01-18.wav,ANGRY,0.4002582596009036
860,03-01-01-01-01-02-18.wav,NEUTRAL,0.24135135825163398
861,03-01-03-02-01-01-18.wav,HAPPY,0.34296815088190186
862,03-01-06-01-01-02-18.wav,FEARFUL,0.33349941539115646
863,03-01-03-01-01-02-18.wav,HAPPY,0.3362585616438356
864,03-01-04-01-01-01-18.wav,SAD,0.2611099837662338
865,03-01-01-01-02-02-18.wav,NEUTRAL,0.32822591145833335
866,03-01-06-02-01-02-18.wav,FEARFUL,0.2963595920138889
867,03-01-04-02-01-02-18.wav,SAD,0.30638177710843373
868,03-01-07-02-02-01-18.wav,DISGUST,0.34325927734375
869,03-01-05-01-01-02-18.wav,ANGRY,0.3204752604166667
870,03-01-02-02-01-02-18.wav,CALM,0.2652838291266026
871,03-01-03-02-02-02-18.wav,HAPPY,0.3372699783509036
872,03-01-07-02-02-02-18.wav,DISGUST,0.37050384676395937
873,03-01-07-02-01-01-18.wav,DISGUST,0.3301113091626214
874,03-01-04-02-01-01-18.wav,SAD,0.30565810785060976
875,03-01-01-01-02-01-18.wav,NEUTRAL,0.25429361979166665
876,03-01-08-02-01-02-18.wav,SURPRISED,0.31603604983660133
877,03-01-04-02-02-01-18.wav,SAD,0.3069188634776536
878,03-01-03-02-02-01-18.wav,HAPPY,0.2983308569785276
879,03-01-06-01-02-01-18.wav,FEARFUL,0.263759765625
880,03-01-02-01-01-01-18.wav,CALM,0.28526692708333334
881,03-01-02-02-02-01-18.wav,CALM,0.24494190705128205
882,03-01-08-01-01-01-18.wav,SURPRISED,0.3017277129708904
883,03-01-08-01-01-02-18.wav,SURPRISED,0.34911462644867547
884,03-01-03-01-01-01-18.wav,HAPPY,0.3131510416666667
885,03-01-03-02-01-02-18.wav,HAPPY,0.2897834329044118
886,03-01-05-02-01-01-18.wav,ANGRY,0.448468017578125
887,03-01-04-01-01-02-18.wav,SAD,0.32348477308917195
888,03-01-05-01-02-01-18.wav,ANGRY,0.365132913961039
889,03-01-06-02-02-01-18.wav,FEARFUL,0.3234565548780488
890,03-01-01-01-01-01-18.wav,NEUTRAL,0.26190755208333333
891,03-01-02-02-01-01-18.wav,CALM,0.3014948918269231
892,03-01-04-01-02-02-18.wav,SAD,0.2611340565286624
893,03-01-08-02-02-01-18.wav,SURPRISED,0.32928284056886226
894,03-01-05-01-01-01-18.wav,ANGRY,0.30238477718195267
895,03-01-02-02-02-02-18.wav,CALM,0.2689021183894231
896,03-01-05-01-02-02-18.wav,ANGRY,0.2957211634156051
897,03-01-07-01-02-01-18.wav,DISGUST,0.3499041863207547
898,03-01-07-02-01-02-18.wav,DISGUST,0.3096234415479275
899,03-01-03-01-02-02-18.wav,HAPPY,0.2688974544701987
900,03-01-04-01-01-01-24.wav,SAD,0.2621408236228814
901,03-01-04-02-01-01-24.wav,SAD,0.35655581825657895
902,03-01-08-02-02-01-24.wav,SURPRISED,0.2419080434355346
903,03-01-04-01-01-02-24.wav,SAD,0.2506160292514535
904,03-01-06-01-02-01-24.wav,FEARFUL,0.2738625919117647
905,03-01-06-02-01-01-24.wav,FEARFUL,0.22512118787650603
906,03-01-08-01-02-01-24.wav,SURPRISED,0.2759357609160959
907,03-01-01-01-02-02-24.wav,NEUTRAL,0.32178360376602566
908,03-01-02-01-02-01-24.wav,CALM,0.41311809973802394
909,03-01-04-02-01-02-24.wav,SAD,0.2774057146256345
910,03-01-05-01-01-02-24.wav,ANGRY,0.26577360733695654
911,03-01-08-01-01-02-24.wav,SURPRISED,0.27330078125
912,03-01-06-02-02-01-24.wav,FEARFUL,0.22079076522435898
913,03-01-04-01-02-01-24.wav,SAD,0.2830084507761438
914,03-01-07-02-02-01-24.wav,DISGUST,0.32612117913251365
915,03-01-02-02-01-01-24.wav,CALM,0.311327573269774
916,03-01-05-01-01-01-24.wav,ANGRY,0.21694032485875706
917,03-01-05-01-02-02-24.wav,ANGRY,0.24598106971153846
918,03-01-02-02-02-02-24.wav,CALM,0.3455127780720339
919,03-01-07-01-01-01-24.wav,DISGUST,0.16705519153225806
920,03-01-02-01-02-02-24.wav,CALM,0.3497589111328125
921,03-01-03-02-02-01-24.wav,HAPPY,0.24635104790419163
922,03-01-02-01-01-02-24.wav,CALM,0.26883278145695366
923,03-01-05-02-01-01-24.wav,ANGRY,0.2347521908068783
924,03-01-03-01-02-01-24.wav,HAPPY,0.3024271781870861
925,03-01-05-02-02-02-24.wav,ANGRY,0.2609153053977273
926,03-01-04-01-02-02-24.wav,SAD,0.2583802004894578
927,03-01-04-02-02-02-24.wav,SAD,0.2666257348391089
928,03-01-07-01-02-01-24.wav,DISGUST,0.31538452854046245
929,03-01-03-01-01-01-24.wav,HAPPY,0.2870937249599359
930,03-01-06-01-01-01-24.wav,FEARFUL,0.2668084613347458
931,03-01-06-02-01-02-24.wav,FEARFUL,0.3301141912286932
932,03-01-06-01-01-02-24.wav,FEARFUL,0.20759998668323865
933,03-01-01-01-01-01-24.wav,NEUTRAL,0.27293701171875
934,03-01-07-02-01-02-24.wav,DISGUST,0.26432861328125
935,03-01-07-02-01-01-24.wav,DISGUST,0.31690497576871657
936,03-01-07-01-01-02-24.wav,DISGUST,0.3005798684675141
937,03-01-03-01-01-02-24.wav,HAPPY,0.2965542945636095
938,03-01-01-01-01-02-24.wav,NEUTRAL,0.31438159335191085
939,03-01-07-02-02-02-24.wav,DISGUST,0.2718098958333333
940,03-01-05-01-02-01-24.wav,ANGRY,0.2836514838836478
941,03-01-06-02-02-02-24.wav,FEARFUL,0.2411550498870482
942,03-01-02-02-02-01-24.wav,CALM,0.30871161099137934
943,03-01-03-02-02-02-24.wav,HAPPY,0.26279179921407186
944,03-01-02-01-01-01-24.wav,CALM,0.30103173193993504
945,03-01-08-01-02-02-24.wav,SURPRISED,0.3088926977040816
946,03-01-07-01-02-02-24.wav,DISGUST,0.2707796963778409
947,03-01-02-02-01-02-24.wav,CALM,0.24596613103693182
948,03-01-01-01-02-01-24.wav,NEUTRAL,0.2574579518312102
949,03-01-03-01-02-02-24.wav,HAPPY,0.3204459433229814
950,03-01-05-02-02-01-24.wav,ANGRY,0.30439181857638886
951,03-01-04-02-02-01-24.wav,SAD,0.26951783567994503
952,03-01-03-02-01-02-24.wav,HAPPY,0.23813446606595093
953,03-01-08-02-01-01-24.wav,SURPRISED,0.27801585477941176
954,03-01-08-01-01-01-24.wav,SURPRISED,0.24413379589160839
955,03-01-05-02-01-02-24.wav,ANGRY,0.24176638971560846
956,03-01-08-02-02-02-24.wav,SURPRISED,0.2527835141321656
957,03-01-03-02-01-01-24.wav,HAPPY,0.25248092033959535
958,03-01-06-01-02-02-24.wav,FEARFUL,0.2968693551300578
959,03-01-08-02-01-02-24.wav,SURPRISED,0.28062261537063954
960,03-01-02-01-01-02-19.wav,CALM,0.1952879323899371
961,03-01-02-02-01-01-19.wav,CALM,0.20057986560880828
962,03-01-04-02-01-02-19.wav,SAD,0.2133453369140625
963,03-01-07-02-01-02-19.wav,DISGUST,0.21666837993421054
964,03-01-02-01-01-01-19.wav,CALM,0.23517651827830188
965,03-01-06-01-01-02-19.wav,FEARFUL,0.2072576055463576
966,03-01-05-02-02-02-19.wav,ANGRY,0.28369140625
967,03-01-06-02-02-02-19.wav,FEARFUL,0.12260910560344827
968,03-01-01-01-02-01-19.wav,NEUTRAL,0.233306884765625
969,03-01-07-01-01-01-19.wav,DISGUST,0.19921612483198925
970,03-01-08-02-01-01-19.wav,SURPRISED,0.20680504060734464
971,03-01-03-01-01-02-19.wav,HAPPY,0.125518798828125
972,03-01-07-02-02-01-19.wav,DISGUST,0.25065641583136794
973,03-01-02-01-02-01-19.wav,CALM,0.22654554578993055
974,03-01-03-01-01-01-19.wav,HAPPY,0.21383297671178345
975,03-01-04-01-02-02-19.wav,SAD,0.20139912539308177
976,03-01-05-02-01-01-19.wav,ANGRY,0.2786922011264535
977,03-01-05-01-02-01-19.wav,ANGRY,0.27356383850524474
978,03-01-03-02-02-01-19.wav,HAPPY,0.12875719572368421
979,03-01-05-01-02-02-19.wav,ANGRY,0.17283253855519481
980,03-01-03-02-01-01-19.wav,HAPPY,0.1753019555214724
981,03-01-06-01-02-02-19.wav,FEARFUL,0.2144544015522876
982,03-01-08-01-01-02-19.wav,SURPRISED,0.24186836192810457
983,03-01-02-02-01-02-19.wav,CALM,0.16198590158045978
984,03-01-04-01-02-01-19.wav,SAD,0.23505574247262773
985,03-01-04-02-01-01-19.wav,SAD,0.16118643876445088
986,03-01-04-01-01-02-19.wav,SAD,0.23692696049528303
987,03-01-06-02-01-01-19.wav,FEARFUL,0.2023484563253012
988,03-01-08-02-02-01-19.wav,SURPRISED,0.16441476004464287
989,03-01-03-01-02-01-19.wav,HAPPY,0.17259876440602837
990,03-01-06-01-02-01-19.wav,FEARFUL,0.26194042369631904
991,03-01-04-01-01-01-19.wav,SAD,0.21012479026845637
992,03-01-03-02-01-02-19.wav,HAPPY,0.15531809737042682
993,03-01-04-02-02-02-19.wav,SAD,0.08587077833850931
994,03-01-07-01-02-01-19.wav,DISGUST,0.22138943142361112
995,03-01-07-02-02-02-19.wav,DISGUST,0.16272603066314553
996,03-01-02-02-02-02-19.wav,CALM,0.20682123655913978
997,03-01-04-02-02-01-19.wav,SAD,0.15603077168367346
998,03-01-06-02-01-02-19.wav,FEARFUL,0.2532267898478836
999,03-01-06-02-02-01-19.wav,FEARFUL,0.17535638189935066
1000,03-01-08-01-02-01-19.wav,SURPRISED,0.2265431894420904
1001,03-01-02-02-02-01-19.wav,CALM,0.24844437028894473
1002,03-01-07-01-01-02-19.wav,DISGUST,0.21692303379186603
1003,03-01-07-01-02-02-19.wav,DISGUST,0.3214211856617647
1004,03-01-06-01-01-01-19.wav,FEARFUL,0.228466796875
1005,03-01-05-01-01-02-19.wav,ANGRY,0.188140869140625
1006,03-01-05-01-01-01-19.wav,ANGRY,0.20554244152607362
1007,03-01-01-01-01-02-19.wav,NEUTRAL,0.22315499441964284
1008,03-01-03-02-02-02-19.wav,HAPPY,0.22430737445809248
1009,03-01-08-01-01-01-19.wav,SURPRISED,0.20011645962732919
1010,03-01-01-01-01-01-19.wav,NEUTRAL,0.2207064693921233
1011,03-01-05-02-01-02-19.wav,ANGRY,0.18905212107487923
1012,03-01-01-01-02-02-19.wav,NEUTRAL,0.24100264969405594
1013,03-01-03-01-02-02-19.wav,HAPPY,0.13493976726398602
1014,03-01-07-02-01-01-19.wav,DISGUST,0.20150211352657005
1015,03-01-08-01-02-02-19.wav,SURPRISED,0.25470659069548873
1016,03-01-08-02-02-02-19.wav,SURPRISED,0.24447307180851063
1017,03-01-08-02-01-02-19.wav,SURPRISED,0.219619140625
1018,03-01-05-02-02-01-19.wav,ANGRY,0.22294086313502673
1019,03-01-02-01-02-02-19.wav,CALM,0.205224609375
1020,03-01-03-02-02-02-05.wav,HAPPY,0.2316944355867347
1021,03-01-03-02-01-02-05.wav,HAPPY,0.19243836545658682
1022,03-01-04-01-01-02-05.wav,SAD,0.29075437898089174
1023,03-01-01-01-02-02-05.wav,NEUTRAL,0.2632555839342949
1024,03-01-04-02-01-01-05.wav,SAD,0.22780713848039216
1025,03-01-08-02-01-01-05.wav,SURPRISED,0.24807142545391062
1026,03-01-08-01-02-02-05.wav,SURPRISED,0.21614990234375
1027,03-01-01-01-01-02-05.wav,NEUTRAL,0.2614979349124204
1028,03-01-02-01-01-01-05.wav,CALM,0.22824622844827586
1029,03-01-02-02-02-01-05.wav,CALM,0.24792836013349515
1030,03-01-05-02-01-02-05.wav,ANGRY,0.18205281047077923
1031,03-01-06-02-01-02-05.wav,FEARFUL,0.15918602881493507
1032,03-01-08-02-02-01-05.wav,SURPRISED,0.2465574636399371
1033,03-01-06-02-01-01-05.wav,FEARFUL,0.14595075334821428
1034,03-01-06-01-01-02-05.wav,FEARFUL,0.2914069188784247
1035,03-01-08-01-01-01-05.wav,SURPRISED,0.25338764072204967
1036,03-01-05-02-02-02-05.wav,ANGRY,0.2379453622611465
1037,03-01-08-02-02-02-05.wav,SURPRISED,0.2619485294117647
1038,03-01-08-01-02-01-05.wav,SURPRISED,0.30501791588345867
1039,03-01-05-01-01-02-05.wav,ANGRY,0.21700231040396342
1040,03-01-03-01-02-01-05.wav,HAPPY,0.2634879334332192
1041,03-01-07-01-01-02-05.wav,DISGUST,0.2534152100988701
1042,03-01-04-01-02-02-05.wav,SAD,0.2123382568359375
1043,03-01-03-02-01-01-05.wav,HAPPY,0.2238892283519553
1044,03-01-06-02-02-02-05.wav,FEARFUL,0.17031177122201493
1045,03-01-03-01-01-02-05.wav,HAPPY,0.2652029854910714
1046,03-01-06-01-02-01-05.wav,FEARFUL,0.24061853745404413
1047,03-01-08-01-01-02-05.wav,SURPRISED,0.21723295007861634
1048,03-01-03-02-02-01-05.wav,HAPPY,0.21843699919871795
1049,03-01-07-02-01-02-05.wav,DISGUST,0.26047059911242604
1050,03-01-07-01-01-01-05.wav,DISGUST,0.23899669953208555
1051,03-01-07-01-02-01-05.wav,DISGUST,0.2537386741863905
1052,03-01-06-01-02-02-05.wav,FEARFUL,0.2606173637218045
1053,03-01-01-01-02-01-05.wav,NEUTRAL,0.2719835879197761
1054,03-01-02-01-01-02-05.wav,CALM,0.2580249161370056
1055,03-01-03-01-02-02-05.wav,HAPPY,0.21255212327453987
1056,03-01-05-01-02-02-05.wav,ANGRY,0.22429841694078947
1057,03-01-08-02-01-02-05.wav,SURPRISED,0.2317763506355932
1058,03-01-07-02-02-01-05.wav,DISGUST,0.22624140200407608
1059,03-01-05-02-01-01-05.wav,ANGRY,0.2448414912840136
1060,03-01-05-01-01-01-05.wav,ANGRY,0.23961452095808383
1061,03-01-05-01-02-01-05.wav,ANGRY,0.2171658602627841
1062,03-01-06-02-02-01-05.wav,FEARFUL,0.13380998883928572
1063,03-01-04-01-02-01-05.wav,SAD,0.27726722831156714
1064,03-01-02-02-01-02-05.wav,CALM,0.2509488764497423
1065,03-01-07-02-02-02-05.wav,DISGUST,0.18354890784438777
1066,03-01-02-01-02-01-05.wav,CALM,0.23764293819832402
1067,03-01-07-01-02-02-05.wav,DISGUST,0.27347389363354035
1068,03-01-02-02-02-02-05.wav,CALM,0.2608288180443548
1069,03-01-03-01-01-01-05.wav,HAPPY,0.21674042630057805
1070,03-01-04-01-01-01-05.wav,SAD,0.22464746786347517
1071,03-01-02-02-01-01-05.wav,CALM,0.24504573170731708
1072,03-01-05-02-02-01-05.wav,ANGRY,0.25109474522292996
1073,03-01-04-02-01-02-05.wav,SAD,0.24347573138297873
1074,03-01-06-01-01-01-05.wav,FEARFUL,0.2578878963694853
1075,03-01-07-02-01-01-05.wav,DISGUST,0.2395345922459893
1076,03-01-04-02-02-01-05.wav,SAD,0.21731286015070922
1077,03-01-01-01-01-01-05.wav,NEUTRAL,0.24677922175480768
1078,03-01-04-02-02-02-05.wav,SAD,0.29770076976102944
1079,03-01-02-01-02-02-05.wav,CALM,0.2557339694330601
1080,03-01-02-02-02-02-11.wav,CALM,0.1634359704442771
1081,03-01-04-02-02-01-11.wav,SAD,0.2412142818921233
1082,03-01-05-01-01-01-11.wav,ANGRY,0.1512889372996795
1083,03-01-02-02-01-01-11.wav,CALM,0.17834325583584337
1084,03-01-05-02-01-01-11.wav,ANGRY,0.18930951286764705
1085,03-01-08-02-02-02-11.wav,SURPRISED,0.21175252584586465
1086,03-01-03-01-02-01-11.wav,HAPPY,0.16035227531934307
1087,03-01-03-02-01-02-11.wav,HAPPY,0.12215428443471338
1088,03-01-03-01-01-02-11.wav,HAPPY,0.17960258152173914
1089,03-01-05-01-02-01-11.wav,ANGRY,0.19392252604166665
1090,03-01-03-01-01-01-11.wav,HAPPY,0.13875932835820895
1091,03-01-03-02-01-01-11.wav,HAPPY,0.1357281564295977
1092,03-01-07-02-02-01-11.wav,DISGUST,0.2005562160326087
1093,03-01-06-02-02-01-11.wav,FEARFUL,0.17955533364661655
1094,03-01-04-01-02-02-11.wav,SAD,0.21601365876677853
1095,03-01-04-02-01-02-11.wav,SAD,0.10440767728365384
1096,03-01-05-01-02-02-11.wav,ANGRY,0.19466348020186336
1097,03-01-06-01-02-02-11.wav,FEARFUL,0.21738776607789856
1098,03-01-08-02-01-02-11.wav,SURPRISED,0.182588036380597
1099,03-01-02-02-02-01-11.wav,CALM,0.13884262365797545
1100,03-01-06-01-02-01-11.wav,FEARFUL,0.2134537522810219
1101,03-01-03-02-02-02-11.wav,HAPPY,0.2014273334023179
1102,03-01-08-02-02-01-11.wav,SURPRISED,0.18930260220864661
1103,03-01-05-02-01-02-11.wav,ANGRY,0.15706758720930233
1104,03-01-04-02-02-02-11.wav,SAD,0.18102010091145834
1105,03-01-05-01-01-02-11.wav,ANGRY,0.189921875
1106,03-01-07-01-02-01-11.wav,DISGUST,0.22114908854166668
1107,03-01-02-01-02-02-11.wav,CALM,0.1576503537735849
1108,03-01-06-01-01-02-11.wav,FEARFUL,0.19373124482615894
1109,03-01-06-02-02-02-11.wav,FEARFUL,0.1543291877297794
1110,03-01-05-02-02-01-11.wav,ANGRY,0.11923253676470588
1111,03-01-04-01-02-01-11.wav,SAD,0.19882621017156862
1112,03-01-07-01-02-02-11.wav,DISGUST,0.21843983392295596
1113,03-01-07-02-02-02-11.wav,DISGUST,0.1898807501940994
1114,03-01-08-01-01-02-11.wav,SURPRISED,0.20798986098345587
1115,03-01-03-01-02-02-11.wav,HAPPY,0.20687430245535715
1116,03-01-08-01-01-01-11.wav,SURPRISED,0.21246475563909775
1117,03-01-07-02-01-02-11.wav,DISGUST,0.16214808022103658
1118,03-01-06-02-01-02-11.wav,FEARFUL,0.15517082767210144
1119,03-01-08-01-02-01-11.wav,SURPRISED,0.14749301437043796
1120,03-01-06-01-01-01-11.wav,FEARFUL,0.17670572916666666
1121,03-01-08-02-01-01-11.wav,SURPRISED,0.13953462758458646
1122,03-01-02-01-01-01-11.wav,CALM,0.1364417109929078
1123,03-01-02-02-01-02-11.wav,CALM,0.19750521642080746
1124,03-01-02-01-02-01-11.wav,CALM,0.2070685492621528
1125,03-01-04-01-01-01-11.wav,SAD,0.1664394802517361
1126,03-01-02-01-01-02-11.wav,CALM,0.14372083875868055
1127,03-01-07-01-01-01-11.wav,DISGUST,0.203901950668239
1128,03-01-04-02-01-01-11.wav,SAD,0.21330769856770834
1129,03-01-08-01-02-02-11.wav,SURPRISED,0.165802001953125
1130,03-01-07-02-01-01-11.wav,DISGUST,0.158935546875
1131,03-01-01-01-02-02-11.wav,NEUTRAL,0.16339601391423358
1132,03-01-06-02-01-01-11.wav,FEARFUL,0.1760536967844203
1133,03-01-01-01-01-02-11.wav,NEUTRAL,0.1955129139458955
1134,03-01-07-01-01-02-11.wav,DISGUST,0.19373184595352563
1135,03-01-01-01-01-01-11.wav,NEUTRAL,0.19093592026654413
1136,03-01-04-01-01-02-11.wav,SAD,0.20078062399839744
1137,03-01-03-02-02-01-11.wav,HAPPY,0.15771484375
1138,03-01-05-02-02-02-11.wav,ANGRY,0.15853863113496933
1139,03-01-01-01-02-01-11.wav,NEUTRAL,0.20054913949275363
1140,03-01-02-02-01-02-03.wav,CALM,0.19179517169331395
1141,03-01-04-02-01-01-03.wav,SAD,0.24190591449386503
1142,03-01-03-02-01-01-03.wav,HAPPY,0.20050770749327956
1143,03-01-02-01-02-01-03.wav,CALM,0.2825824783509036
1144,03-01-04-02-01-02-03.wav,SAD,0.17626070689006024
1145,03-01-08-01-02-01-03.wav,SURPRISED,0.2513303894927536
1146,03-01-08-02-02-02-03.wav,SURPRISED,0.2252685546875
1147,03-01-05-01-01-02-03.wav,ANGRY,0.193359375
1148,03-01-02-02-02-02-03.wav,CALM,0.20453621748554912
1149,03-01-05-01-01-01-03.wav,ANGRY,0.2368135838150289
1150,03-01-07-02-01-02-03.wav,DISGUST,0.17203776041666666
1151,03-01-03-01-02-02-03.wav,HAPPY,0.14357085575331127
1152,03-01-08-01-01-01-03.wav,SURPRISED,0.18064662388392858
1153,03-01-05-02-01-01-03.wav,ANGRY,0.15163188733552632
1154,03-01-08-01-02-02-03.wav,SURPRISED,0.1814852627840909
1155,03-01-07-01-01-02-03.wav,DISGUST,0.2865359284156977
1156,03-01-06-02-01-02-03.wav,FEARFUL,0.1362015763683432
1157,03-01-04-01-02-01-03.wav,SAD,0.2215623731737013
1158,03-01-07-02-02-01-03.wav,DISGUST,0.2285420980798193
1159,03-01-08-01-01-02-03.wav,SURPRISED,0.21767645012842465
1160,03-01-07-02-01-01-03.wav,DISGUST,0.23143703654661016
1161,03-01-05-02-02-01-03.wav,ANGRY,0.15564431779371585
1162,03-01-06-02-01-01-03.wav,FEARFUL,0.09740015843531469
1163,03-01-04-02-02-02-03.wav,SAD,0.12330322265625
1164,03-01-01-01-01-02-03.wav,NEUTRAL,0.17296474027317882
1165,03-01-05-01-02-02-03.wav,ANGRY,0.18951195406626506
1166,03-01-03-02-02-02-03.wav,HAPPY,0.16481551204819278
1167,03-01-07-01-02-01-03.wav,DISGUST,0.2346347906650641
1168,03-01-01-01-02-02-03.wav,NEUTRAL,0.301650390625
1169,03-01-02-02-02-01-03.wav,CALM,0.19105436016061453
1170,03-01-08-02-02-01-03.wav,SURPRISED,0.20813069122516556
1171,03-01-01-01-01-01-03.wav,NEUTRAL,0.2302065855704698
1172,03-01-06-01-02-02-03.wav,FEARFUL,0.2645104449728261
1173,03-01-02-01-02-02-03.wav,CALM,0.2329868050508721
1174,03-01-02-01-01-01-03.wav,CALM,0.18021107868975902
1175,03-01-06-01-01-01-03.wav,FEARFUL,0.28360648777173914
1176,03-01-03-01-01-02-03.wav,HAPPY,0.20588566706730768
1177,03-01-06-02-02-02-03.wav,FEARFUL,0.15196688863255034
1178,03-01-07-02-02-02-03.wav,DISGUST,0.22466394761029412
1179,03-01-04-01-02-02-03.wav,SAD,0.21421504799836602
1180,03-01-07-01-01-01-03.wav,DISGUST,0.22744645743534483
1181,03-01-06-01-01-02-03.wav,FEARFUL,0.1954742799322289
1182,03-01-03-01-02-01-03.wav,HAPPY,0.21575563948675497
1183,03-01-07-01-02-02-03.wav,DISGUST,0.26445971529907975
1184,03-01-04-02-02-01-03.wav,SAD,0.10588216145833333
1185,03-01-02-02-01-01-03.wav,CALM,0.13734172952586207
1186,03-01-04-01-01-02-03.wav,SAD,0.19230354606331168
1187,03-01-03-02-01-02-03.wav,HAPPY,0.16379266036184212
1188,03-01-04-01-01-01-03.wav,SAD,0.2198924529246795
1189,03-01-02-01-01-02-03.wav,CALM,0.17488960597826086
1190,03-01-05-02-01-02-03.wav,ANGRY,0.14859426398026315
1191,03-01-01-01-02-01-03.wav,NEUTRAL,0.26409548323675497
1192,03-01-03-02-02-01-03.wav,HAPPY,0.15157723027234637
1193,03-01-06-01-02-01-03.wav,FEARFUL,0.2858644194950331
1194,03-01-08-02-01-01-03.wav,SURPRISED,0.23716963098404256
1195,03-01-05-01-02-01-03.wav,ANGRY,0.20693002096036586
1196,03-01-05-02-02-02-03.wav,ANGRY,0.18404427754510308
1197,03-01-06-02-02-01-03.wav,FEARFUL,0.1154768083479021
1198,03-01-08-02-01-02-03.wav,SURPRISED,0.17989408052884615
1199,03-01-03-01-01-01-03.wav,HAPPY,0.2362083013803681
1200,03-01-02-01-01-01-04.wav,CALM,0.24855897484756098
1201,03-01-03-01-01-01-04.wav,HAPPY,0.23125452711092714
1202,03-01-04-02-01-01-04.wav,SAD,0.27696295204402516
1203,03-01-03-02-01-01-04.wav,HAPPY,0.22042828405688622
1204,03-01-05-02-02-01-04.wav,ANGRY,0.3530517578125
1205,03-01-01-01-02-01-04.wav,NEUTRAL,0.2491169381648936
1206,03-01-07-02-02-02-04.wav,DISGUST,0.24950022977941178
1207,03-01-07-01-02-01-04.wav,DISGUST,0.3507117523006135
1208,03-01-05-02-01-02-04.wav,ANGRY,0.2335417056511976
1209,03-01-06-01-02-02-04.wav,FEARFUL,0.23552408854166668
1210,03-01-04-01-02-02-04.wav,SAD,0.359501953125
1211,03-01-01-01-02-02-04.wav,NEUTRAL,0.255419921875
1212,03-01-02-02-02-02-04.wav,CALM,0.29778701957614945
1213,03-01-06-01-01-01-04.wav,FEARFUL,0.25418624344405594
1214,03-01-03-01-02-02-04.wav,HAPPY,0.345496670511745
1215,03-01-07-01-01-01-04.wav,DISGUST,0.21083637666420119
1216,03-01-05-02-02-02-04.wav,ANGRY,0.30932911332831325
1217,03-01-07-02-01-01-04.wav,DISGUST,0.22858618587427745
1218,03-01-02-01-01-02-04.wav,CALM,0.24628178377329193
1219,03-01-08-01-02-02-04.wav,SURPRISED,0.2724576604446309
1220,03-01-07-01-02-02-04.wav,DISGUST,0.34208567549542684
1221,03-01-06-02-01-02-04.wav,FEARFUL,0.24632958652210885
1222,03-01-08-02-02-02-04.wav,SURPRISED,0.22396471609477125
1223,03-01-03-02-01-02-04.wav,HAPPY,0.21056336241883117
1224,03-01-04-01-02-01-04.wav,SAD,0.2571341495385906
1225,03-01-06-02-02-01-04.wav,FEARFUL,0.21903170072115385
1226,03-01-07-01-01-02-04.wav,DISGUST,0.26959481323964496
1227,03-01-07-02-02-01-04.wav,DISGUST,0.2914249625748503
1228,03-01-06-01-02-01-04.wav,FEARFUL,0.244404296875
1229,03-01-02-01-02-01-04.wav,CALM,0.16010648885350318
1230,03-01-08-01-01-02-04.wav,SURPRISED,0.2752244737413194
1231,03-01-07-02-01-02-04.wav,DISGUST,0.2843424479166667
1232,03-01-03-02-02-02-04.wav,HAPPY,0.32465011503067487
1233,03-01-04-01-01-01-04.wav,SAD,0.3813510006421233
1234,03-01-08-02-01-02-04.wav,SURPRISED,0.29287680093344154
1235,03-01-02-02-01-01-04.wav,CALM,0.2103668922601744
1236,03-01-06-02-01-01-04.wav,FEARFUL,0.23512752757352942
1237,03-01-02-02-01-02-04.wav,CALM,0.2744795636432927
1238,03-01-03-02-02-01-04.wav,HAPPY,0.2722919170673077
1239,03-01-08-01-01-01-04.wav,SURPRISED,0.3930106026785714
1240,03-01-04-02-01-02-04.wav,SAD,0.3775432563266871
1241,03-01-02-01-02-02-04.wav,CALM,0.2673244724025974
1242,03-01-04-02-02-02-04.wav,SAD,0.2771011071702454
1243,03-01-01-01-01-02-04.wav,NEUTRAL,0.2821128531678082
1244,03-01-04-01-01-02-04.wav,SAD,0.26136997767857145
1245,03-01-03-01-02-01-04.wav,HAPPY,0.2676524989652318
1246,03-01-02-02-02-01-04.wav,CALM,0.20378298875762196
1247,03-01-05-01-02-01-04.wav,ANGRY,0.28796875
1248,03-01-08-02-01-01-04.wav,SURPRISED,0.21283227692610063
1249,03-01-06-01-01-02-04.wav,FEARFUL,0.2550258091517857
1250,03-01-08-01-02-01-04.wav,SURPRISED,0.287718949044586
1251,03-01-01-01-01-01-04.wav,NEUTRAL,0.26139778190559443
1252,03-01-05-01-01-02-04.wav,ANGRY,0.2631209935897436
1253,03-01-03-01-01-02-04.wav,HAPPY,0.32400811887254904
1254,03-01-08-02-02-01-04.wav,SURPRISED,0.27710611979166666
1255,03-01-04-02-02-01-04.wav,SAD,0.3120446702453988
1256,03-01-06-02-02-02-04.wav,FEARFUL,0.35958426339285715
1257,03-01-05-01-02-02-04.wav,ANGRY,0.3645671583850932
1258,03-01-05-01-01-01-04.wav,ANGRY,0.2595672607421875
1259,03-01-05-02-01-01-04.wav,ANGRY,0.19657663918711657
1260,03-01-08-01-01-01-22.wav,SURPRISED,0.34487974877450983
1261,03-01-05-01-01-02-22.wav,ANGRY,0.3397648971273292
1262,03-01-08-02-01-02-22.wav,SURPRISED,0.32357276300465837
1263,03-01-08-01-01-02-22.wav,SURPRISED,0.34979327313311687
1264,03-01-03-01-02-02-22.wav,HAPPY,0.36392151283112584
1265,03-01-07-01-02-01-22.wav,DISGUST,0.34583114996189024
1266,03-01-02-01-02-02-22.wav,CALM,0.33331099366830064
1267,03-01-07-02-01-01-22.wav,DISGUST,0.29200286031420764
1268,03-01-06-01-02-02-22.wav,FEARFUL,0.35111889808006536
1269,03-01-03-01-01-01-22.wav,HAPPY,0.2943091299019608
1270,03-01-08-01-02-02-22.wav,SURPRISED,0.3022773938301282
1271,03-01-07-02-02-01-22.wav,DISGUST,0.34491972870879123
1272,03-01-02-01-01-01-22.wav,CALM,0.3543868719362745
1273,03-01-03-02-02-01-22.wav,HAPPY,0.34077731918238996
1274,03-01-04-01-01-01-22.wav,SAD,0.32197766426282054
1275,03-01-02-01-01-02-22.wav,CALM,0.31231927252435066
1276,03-01-05-01-02-02-22.wav,ANGRY,0.3010590651939655
1277,03-01-05-01-02-01-22.wav,ANGRY,0.3284290793413174
1278,03-01-04-01-02-02-22.wav,SAD,0.29830322265625
1279,03-01-02-02-02-01-22.wav,CALM,0.315491888933121
1280,03-01-06-01-02-01-22.wav,FEARFUL,0.3206656593946541
1281,03-01-07-01-02-02-22.wav,DISGUST,0.33140177899096385
1282,03-01-05-01-01-01-22.wav,ANGRY,0.3273834228515625
1283,03-01-04-02-01-02-22.wav,SAD,0.32270103503184716
1284,03-01-05-02-01-01-22.wav,ANGRY,0.3174032793787425
1285,03-01-03-02-02-02-22.wav,HAPPY,0.302099609375
1286,03-01-06-02-01-02-22.wav,FEARFUL,0.34947937804383117
1287,03-01-03-01-02-01-22.wav,HAPPY,0.3510386485927152
1288,03-01-06-02-02-01-22.wav,FEARFUL,0.3381547268081761
1289,03-01-08-02-02-02-22.wav,SURPRISED,0.34589594944267515
1290,03-01-07-01-01-02-22.wav,DISGUST,0.32132373335798814
1291,03-01-04-02-02-01-22.wav,SAD,0.35519579774844723
1292,03-01-04-01-02-01-22.wav,SAD,0.3211539406446541
1293,03-01-06-01-01-02-22.wav,FEARFUL,0.3094889322916667
1294,03-01-01-01-02-02-22.wav,NEUTRAL,0.32608570772058826
1295,03-01-02-01-02-01-22.wav,CALM,0.38159813818993504
1296,03-01-03-02-01-01-22.wav,HAPPY,0.3438076232531056
1297,03-01-06-01-01-01-22.wav,FEARFUL,0.3221292867288961
1298,03-01-03-02-01-02-22.wav,HAPPY,0.30025178840361444
1299,03-01-01-01-02-01-22.wav,NEUTRAL,0.359706780849359
1300,03-01-08-02-01-01-22.wav,SURPRISED,0.35958109273538963
1301,03-01-07-02-01-02-22.wav,DISGUST,0.3511284722222222
1302,03-01-04-02-02-02-22.wav,SAD,0.3477091961596386
1303,03-01-02-02-01-02-22.wav,CALM,0.3555805252259036
1304,03-01-08-02-02-01-22.wav,SURPRISED,0.3327178955078125
1305,03-01-06-02-02-02-22.wav,FEARFUL,0.3198398687900641
1306,03-01-04-02-01-01-22.wav,SAD,0.3199000388198758
1307,03-01-05-02-01-02-22.wav,ANGRY,0.2995533237795858
1308,03-01-03-01-01-02-22.wav,HAPPY,0.3426292470637584
1309,03-01-05-02-02-01-22.wav,ANGRY,0.3071048924180328
1310,03-01-01-01-01-02-22.wav,NEUTRAL,0.33518050020973156
1311,03-01-06-02-01-01-22.wav,FEARFUL,0.2527648133116883
1312,03-01-02-02-02-02-22.wav,CALM,0.3198481834739264
1313,03-01-07-01-01-01-22.wav,DISGUST,0.333111572265625
1314,03-01-08-01-02-01-22.wav,SURPRISED,0.3596404414848993
1315,03-01-05-02-02-02-22.wav,ANGRY,0.3103778545673077
1316,03-01-07-02-02-02-22.wav,DISGUST,0.3089716852048023
1317,03-01-04-01-01-02-22.wav,SAD,0.324639892578125
1318,03-01-02-02-01-01-22.wav,CALM,0.327471923828125
1319,03-01-01-01-01-01-22.wav,NEUTRAL,0.33965092555732485
1320,03-01-06-01-01-01-06.wav,FEARFUL,0.32744389430732485
1321,03-01-05-02-01-01-06.wav,ANGRY,0.2629049699858757
1322,03-01-02-01-02-02-06.wav,CALM,0.24613399296016483
1323,03-01-01-01-02-01-06.wav,NEUTRAL,0.29908056972789115
1324,03-01-07-02-02-01-06.wav,DISGUST,0.26594210219109193
1325,03-01-05-01-02-02-06.wav,ANGRY,0.3062592455621302
1326,03-01-08-02-01-02-06.wav,SURPRISED,0.2935005083476027
1327,03-01-06-02-02-01-06.wav,FEARFUL,0.2428334869953416
1328,03-01-06-02-02-02-06.wav,FEARFUL,0.23981584821428573
1329,03-01-05-02-02-01-06.wav,ANGRY,0.25270843505859375
1330,03-01-04-02-02-01-06.wav,SAD,0.31501256281407036
1331,03-01-02-01-01-01-06.wav,CALM,0.23669573904454022
1332,03-01-04-02-01-01-06.wav,SAD,0.2697941706730769
1333,03-01-03-01-02-01-06.wav,HAPPY,0.3412955729166667
1334,03-01-07-02-01-01-06.wav,DISGUST,0.23042674731182797
1335,03-01-08-02-02-01-06.wav,SURPRISED,0.31884765625
1336,03-01-07-02-02-02-06.wav,DISGUST,0.2160587754360465
1337,03-01-07-02-01-02-06.wav,DISGUST,0.2627872242647059
1338,03-01-02-01-02-01-06.wav,CALM,0.22038517441860464
1339,03-01-08-02-01-01-06.wav,SURPRISED,0.33408900669642855
1340,03-01-05-02-01-02-06.wav,ANGRY,0.2273190676510989
1341,03-01-05-02-02-02-06.wav,ANGRY,0.22675983646373057
1342,03-01-01-01-02-02-06.wav,NEUTRAL,0.3458178219379195
1343,03-01-04-02-02-02-06.wav,SAD,0.2842694863505747
1344,03-01-05-01-01-02-06.wav,ANGRY,0.21193677325581395
1345,03-01-02-02-01-02-06.wav,CALM,0.307705078125
1346,03-01-06-01-02-02-06.wav,FEARFUL,0.3170626810844371
1347,03-01-04-01-02-02-06.wav,SAD,0.2884300283137584
1348,03-01-03-02-01-01-06.wav,HAPPY,0.2439466059602649
1349,03-01-08-01-01-01-06.wav,SURPRISED,0.26474609375
1350,03-01-06-01-01-02-06.wav,FEARFUL,0.2911499842701342
1351,03-01-04-01-01-02-06.wav,SAD,0.31090682592147434
1352,03-01-03-01-01-01-06.wav,HAPPY,0.20091337316176472
1353,03-01-06-02-01-01-06.wav,FEARFUL,0.21370546377388536
1354,03-01-06-02-01-02-06.wav,FEARFUL,0.21559495192307693
1355,03-01-02-02-02-02-06.wav,CALM,0.18715630688713591
1356,03-01-05-01-01-01-06.wav,ANGRY,0.29567077262269936
1357,03-01-08-02-02-02-06.wav,SURPRISED,0.3165159363677536
1358,03-01-02-02-01-01-06.wav,CALM,0.23851028914304123
1359,03-01-08-01-02-02-06.wav,SURPRISED,0.23087445427389705
1360,03-01-07-01-01-01-06.wav,DISGUST,0.2517073675496689
1361,03-01-05-01-02-01-06.wav,ANGRY,0.28538965916895603
1362,03-01-02-01-01-02-06.wav,CALM,0.2529655499646893
1363,03-01-03-02-02-02-06.wav,HAPPY,0.17453863681891027
1364,03-01-06-01-02-01-06.wav,FEARFUL,0.2741604099025974
1365,03-01-08-01-02-01-06.wav,SURPRISED,0.3460038779438406
1366,03-01-04-01-01-01-06.wav,SAD,0.3409090909090909
1367,03-01-02-02-02-01-06.wav,CALM,0.2961778283756685
1368,03-01-03-02-01-02-06.wav,HAPPY,0.3070377604166667
1369,03-01-04-01-02-01-06.wav,SAD,0.4026920572916667
1370,03-01-07-01-02-02-06.wav,DISGUST,0.2239889705882353
1371,03-01-03-02-02-01-06.wav,HAPPY,0.26502257508116883
1372,03-01-08-01-01-02-06.wav,SURPRISED,0.264794921875
1373,03-01-03-01-01-02-06.wav,HAPPY,0.257533929286859
1374,03-01-01-01-01-02-06.wav,NEUTRAL,0.3031600560897436
1375,03-01-01-01-01-01-06.wav,NEUTRAL,0.3891092936197917
1376,03-01-07-01-01-02-06.wav,DISGUST,0.24379564368206522
1377,03-01-07-01-02-01-06.wav,DISGUST,0.31752535423136646
1378,03-01-04-02-01-02-06.wav,SAD,0.2765161546610169
1379,03-01-03-01-02-02-06.wav,HAPPY,0.3024492711828859
1380,03-01-07-01-01-01-21.wav,DISGUST,0.36139064881859756
1381,03-01-04-01-02-01-21.wav,SAD,0.33903364701704547
1382,03-01-05-01-01-02-21.wav,ANGRY,0.31437974169075145
1383,03-01-02-01-02-01-21.wav,CALM,0.24075540682164634
1384,03-01-01-01-01-02-21.wav,NEUTRAL,0.27562624909156974
1385,03-01-03-01-01-01-21.wav,HAPPY,0.3620164250753012
1386,03-01-07-02-01-02-21.wav,DISGUST,0.3412749191810345
1387,03-01-02-02-02-02-21.wav,CALM,0.2732444585755814
1388,03-01-05-02-01-02-21.wav,ANGRY,0.2634289993523316
1389,03-01-04-02-02-01-21.wav,SAD,0.3181656547214674
1390,03-01-08-01-02-02-21.wav,SURPRISED,0.3558904474431818
1391,03-01-08-02-01-02-21.wav,SURPRISED,0.32658862460191085
1392,03-01-01-01-01-01-21.wav,NEUTRAL,0.33378729762801207
1393,03-01-08-02-02-01-21.wav,SURPRISED,0.3281966145833333
1394,03-01-06-01-01-02-21.wav,FEARFUL,0.33845978719325154
1395,03-01-07-02-02-01-21.wav,DISGUST,0.32525499131944446
1396,03-01-04-02-01-02-21.wav,SAD,0.30880073879076086
1397,03-01-08-01-02-01-21.wav,SURPRISED,0.36759114583333335
1398,03-01-02-02-02-01-21.wav,CALM,0.24736764577513967
1399,03-01-03-02-01-01-21.wav,HAPPY,0.30966856421493905
1400,03-01-06-02-02-01-21.wav,FEARFUL,0.3271514330904908
1401,03-01-07-02-01-01-21.wav,DISGUST,0.3070123845880682
1402,03-01-06-01-02-01-21.wav,FEARFUL,0.3570045648619186
1403,03-01-08-01-01-01-21.wav,SURPRISED,0.3199050600165563
1404,03-01-02-01-01-02-21.wav,CALM,0.29946035043352603
1405,03-01-07-01-02-02-21.wav,DISGUST,0.39171424278846156
1406,03-01-02-01-02-02-21.wav,CALM,0.24068659002130682
1407,03-01-03-01-02-02-21.wav,HAPPY,0.34806805346385544
1408,03-01-02-02-01-01-21.wav,CALM,0.25477273753612717
1409,03-01-06-02-01-02-21.wav,FEARFUL,0.2850444747740964
1410,03-01-01-01-02-01-21.wav,NEUTRAL,0.35570350060096156
1411,03-01-03-02-02-01-21.wav,HAPPY,0.31099216293238996
1412,03-01-08-02-02-02-21.wav,SURPRISED,0.33381204044117646
1413,03-01-05-02-02-02-21.wav,ANGRY,0.30596823770491804
1414,03-01-06-01-01-01-21.wav,FEARFUL,0.28830397503930816
1415,03-01-01-01-02-02-21.wav,NEUTRAL,0.34749041863207547
1416,03-01-03-01-02-01-21.wav,HAPPY,0.314971923828125
1417,03-01-04-02-02-02-21.wav,SAD,0.3053176283170391
1418,03-01-04-02-01-01-21.wav,SAD,0.32891438802083334
1419,03-01-05-01-02-01-21.wav,ANGRY,0.2691705877130682
1420,03-01-06-02-02-02-21.wav,FEARFUL,0.35367112858280253
1421,03-01-08-01-01-02-21.wav,SURPRISED,0.3626985677083333
1422,03-01-05-01-01-01-21.wav,ANGRY,0.2899763224511173
1423,03-01-05-01-02-02-21.wav,ANGRY,0.3047707950367647
1424,03-01-02-01-01-01-21.wav,CALM,0.29022988505747127
1425,03-01-06-01-02-02-21.wav,FEARFUL,0.3749417391690341
1426,03-01-03-02-02-02-21.wav,HAPPY,0.3070872237042683
1427,03-01-03-01-01-02-21.wav,HAPPY,0.31659084413109756
1428,03-01-05-02-01-01-21.wav,ANGRY,0.24421296296296297
1429,03-01-08-02-01-01-21.wav,SURPRISED,0.2900328423566879
1430,03-01-07-01-01-02-21.wav,DISGUST,0.3332575017755682
1431,03-01-04-01-01-01-21.wav,SAD,0.36643670194892475
1432,03-01-02-02-01-02-21.wav,CALM,0.2797797309027778
1433,03-01-05-02-02-01-21.wav,ANGRY,0.2954129149011299
1434,03-01-04-01-02-02-21.wav,SAD,0.3568879850618132
1435,03-01-06-02-01-01-21.wav,FEARFUL,0.2984363644622093
1436,03-01-04-01-01-02-21.wav,SAD,0.3548847754396985
1437,03-01-03-02-01-02-21.wav,HAPPY,0.3346047794117647
1438,03-01-07-02-02-02-21.wav,DISGUST,0.2533214480377907
1439,03-01-07-01-02-01-21.wav,DISGUST,0.35401323646496813
